name	sequence
X97051|IGHD1-1*01|Homo	GTTGT
X13972|IGHD1-14*01|Homo	GITGT
X97051|IGHD1-20*01|Homo	GITGT
X97051|IGHD1-26*01|Homo	GIVGAT
X13972|IGHD1-7*01|Homo	GITGT
X55575|IGHD1/OR15-1a*01|Homo	GITGT
X55576|IGHD1/OR15-1b*01|Homo	GITGT
J00234|IGHD2-15*01|Homo	RIL*WW*LLL
J00232|IGHD2-2*01|Homo	RIL**YQLLC
X97051|IGHD2-2*02|Homo	RIL**YQLLY
M35648|IGHD2-2*03|Homo	WIL**YQLLC
J00235|IGHD2-21*01|Homo	SILWW*LLF
X97051|IGHD2-21*02|Homo	SILWW*LLF
X13972|IGHD2-8*01|Homo	RILY*WCMLY
J00233|IGHD2-8*02|Homo	RILYWWCMLY
X55577|IGHD2/OR15-2a*01|Homo	RIL**YYFLC
X55578|IGHD2/OR15-2b*01|Homo	RIL**YYFLC
X13972|IGHD3-10*01|Homo	VLLWFGELL*
X93615|IGHD3-10*02|Homo	VLLXFGELL*
X93614|IGHD3-16*01|Homo	VL*LRLGELCLY
X97051|IGHD3-16*02|Homo	VL*LRLGELSLY
X93616|IGHD3-22*01|Homo	VLL***WLLL
X13972|IGHD3-3*01|Homo	VLRFLEWLLY
X93618|IGHD3-3*02|Homo	VLAFLEWLLY
X13972|IGHD3-9*01|Homo	VLRYFDWLL*
X55579|IGHD3/OR15-3a*01|Homo	VL*FLDWLLY
X55580|IGHD3/OR15-3b*01|Homo	VL*FLDWLLY
X13972|IGHD4-11*01|Homo	*LQ*L
X97051|IGHD4-17*01|Homo	*LR*L
X97051|IGHD4-23*01|Homo	*LRW*L
X13972|IGHD4-4*01|Homo	*LQ*L
X55581|IGHD4/OR15-4a*01|Homo	*LWC*L
X55582|IGHD4/OR15-4b*01|Homo	*LWC*L
X13972|IGHD5-12*01|Homo	VDIVATI
X97051|IGHD5-18*01|Homo	VDTAMV
X97051|IGHD5-24*01|Homo	VEMATI
X13972|IGHD5-5*01|Homo	VDTAMV
X55583|IGHD5/OR15-5a*01|Homo	VDIVSTI
X55584|IGHD5/OR15-5b*01|Homo	VDIVSTI
X13972|IGHD6-13*01|Homo	GYSSSWY
X97051|IGHD6-19*01|Homo	GYSSGWY
X97051|IGHD6-25*01|Homo	GYSSGY
X13972|IGHD6-6*01|Homo	EYSSSS
J00256|IGHD7-27*01|Homo	LTG
J00256|IGHJ1*01|Homo	AEYFQHWGQGTLVTVSS
J00256|IGHJ2*01|Homo	YWYFDLWGRGTLVTVSS
J00256|IGHJ3*01|Homo	DAFDVWGQGTMVTVSS
X86355|IGHJ3*02|Homo	DAFDIWGQGTMVTVSS
J00256|IGHJ4*01|Homo	YFDYWGQGTLVTVSS
X86355|IGHJ4*02|Homo	YFDYWGQGTLVTVSS
M25625|IGHJ4*03|Homo	YFDYWGQGTLVTVSS
J00256|IGHJ5*01|Homo	NWFDSWGQGTLVTVSS
X86355|IGHJ5*02|Homo	NWFDPWGQGTLVTVSS
J00256|IGHJ6*01|Homo	YYYYYGMDVWGQGTTVTVSS
X86355|IGHJ6*02|Homo	YYYYYGMDVWGQGTTVTVSS
X86356|IGHJ6*03|Homo	YYYYYYMDVWGKGTTVTVSS
AJ879487|IGHJ6*04|Homo	YYYYYGMDVWGKGTTVTVSS
M99641|IGHV1-18*01|Homo	QVQLVQSGAEVKKPGASVKVSCKASGYTFTSYGISWVRQAPGQGLEWMGWISAYNGNTNYAQKLQGRVTMTTDTSTSTAYMELRSLRSDDTAVYYCAR
X60503|IGHV1-18*02|Homo	QVQLVQSGAEVKKPGASVKVSCKASGYTFTSYGISWVRQAPGQGLEWMGWISAYNGNTNYAQKLQGRVTMTTDTSTSTAYMELRSLRSDDTA
HM855463|IGHV1-18*03|Homo	QVQLVQSGAEVKKPGASVKVSCKASGYTFTSYGISWVRQAPGQGLEWMGWISAYNGNTNYAQKLQGRVTMTTDTSTSTAYMELRSLRSDDMAVYYCAR
KC713938|IGHV1-18*04|Homo	QVQLVQSGAEVKKPGASVKVSCKASGYTFTSYGISWVRQAPGQGLEWMGWISAYNGNTNYAQKLQGRVTMTTDTSTSTAYMELRSLRSDDTAVYYCAR
X07448|IGHV1-2*01|Homo	QVQLVQSGAEVKKPGASVKVSCKASGYTFTGYYMHWVRQAPGQGLEWMGRINPNSGGTNYAQKFQGRVTSTRDTSISTAYMELSRLRSDDTVVYYCAR
X62106|IGHV1-2*02|Homo	QVQLVQSGAEVKKPGASVKVSCKASGYTFTGYYMHWVRQAPGQGLEWMGWINPNSGGTNYAQKFQGRVTMTRDTSISTAYMELSRLRSDDTAVYYCAR
X92208|IGHV1-2*03|Homo	QVQLVQSGAEVKKLGASVKVSCKASGYTFTGYYMHWVXQAPGQGLEWMGWINPNSGGTNYAQKFQGRVTMTRDTSISTAYMELSRLRSDDTAVYYCAR
KF698733|IGHV1-2*04|Homo	QVQLVQSGAEVKKPGASVKVSCKASGYTFTGYYMHWVRQAPGQGLEWMGWINPNSGGTNYAQKFQGWVTMTRDTSISTAYMELSRLRSDDTAVYYCAR
HM855674|IGHV1-2*05|Homo	QVQLVQSGAEVKKPGASVKVSCKASGYTFTGYYMHWVRQAPGQGLEWMGRINPNSGGTNYAQKFQGRVTMTRDTSISTAYMELSRLRSDDTVVYYCAR
MH267285|IGHV1-2*06|Homo	QVQLVQSGAEVKKPGASVKVSCKASGYTFTGYYMHWVRQAPGQGLEWMGRINPNSGGTNYAQKFQGRVTMTRDTSISTAYMELSRLRSDDTAVYYCAR
MN337615|IGHV1-2*07|Homo	QVQLVQSGAEVKKPGASVKVSCKASGYTFTGYYMHWVRQAPGQGLEWMGWINPNSGGTNYAHKFQGRVTMTRDTSISTAYMELSRLRSDDTAVYYCAR
M99642|IGHV1-24*01|Homo	QVQLVQSGAEVKKPGASVKVSCKVSGYTLTELSMHWVRQAPGKGLEWMGGFDPEDGETIYAQKFQGRVTMTEDTSTDTAYMELSSLRSEDTAVYYCAT
X62109|IGHV1-3*01|Homo	QVQLVQSGAEVKKPGASVKVSCKASGYTFTSYAMHWVRQAPGQRLEWMGWINAGNGNTKYSQKFQGRVTITRDTSASTAYMELSSLRSEDTAVYYCAR
X62107|IGHV1-3*02|Homo	QVQLVQSGAEVKKPGASVKVSCKASGYTFTSYAMHWVRQAPGQRLEWMGWSNAGNGNTKYSQEFQGRVTITRDTSASTAYMELSSLRSEDMAVYYCAR
MK540645|IGHV1-3*03|Homo	QVQLVQSGAEVKKPGASVKVSCKASGYTFTSYAMHWVRQAPGQRLEWMGWINAGNGNTKYSQEFQGRVTITRDTSASTAYMELSSLRSEDMAVYYCAR
MH779622|IGHV1-3*04|Homo	QVQLVQSGAEVKKPGASVKVSCKASGYTFTSYAMHWVRQAPGQRLEWMGWINTGNGNTKYSQKFQGRVTITRDTSASTAYMELSSLRSEDTAVYYCAR
MN337616|IGHV1-3*05|Homo	QVQLVQSGAEEKKPGASVKVSCKASGYTFTSYAMHWVRQAPGQRLEWMGWINAGNGNTKYSQKFQGRVTITRDTSASTAYMELSSLRSEDTAVYYCAR
KF698736|IGHV1-38-4*01|Homo	QVQLVQSWAEVRKSGASVKVSCSFSGFTITSYGIHWVQQSPGQGLEWMGWINPGNGSPSYAKKFQGRFTMTRDMSTTTAYTDLSSLTSEDMAVYYYAR
X92209|IGHV1-45*01|Homo	QMQLVQSGAEVKKTGSSVKVSCKASGYTFTYRYLHWVRQAPGQALEWMGWITPFNGNTNYAQKFQDRVTITRDRSMSTAYMELSSLRSEDTAMYYCAR
AB019438|IGHV1-45*02|Homo	QMQLVQSGAEVKKTGSSVKVSCKASGYTFTYRYLHWVRQAPGQALEWMGWITPFNGNTNYAQKFQDRVTITRDRSMSTAYMELSSLRSEDTAMYYCAR
MG719320|IGHV1-45*03|Homo	QMQLVQSGAEVKKTGSSVKVSCKASGYTFTYRYLHWVRQAPRQALEWMGWITPFNGNTNYAQKFQDRVTITRDRSMSTAYMELSSLRSEDTAMYYCAR
X92343|IGHV1-46*01|Homo	QVQLVQSGAEVKKPGASVKVSCKASGYTFTSYYMHWVRQAPGQGLEWMGIINPSGGSTSYAQKFQGRVTMTRDTSTSTVYMELSSLRSEDTAVYYCAR
J00240|IGHV1-46*02|Homo	QVQLVQSGAEVKKPGASVKVSCKASGYTFNSYYMHWVRQAPGQGLEWMGIINPSGGSTSYAQKFQGRVTMTRDTSTSTVYMELSSLRSEDTAVYYCAR
L06612|IGHV1-46*03|Homo	QVQLVQSGAEVKKPGASVKVSCKASGYTFTSYYMHWVRQAPGQGLEWMGIINPSGGSTSYAQKFQGRVTMTRDTSTSTVYMELSSLRSEDTAVYYCAR
MK540650|IGHV1-46*04|Homo	QVQLVQSGAEVKKPGASVKVSCKASGYTFTSYYMHWVRQAPGQGLEWMGIINPSGGSTSYAQKLQGRVTMTRDTSTSTVYMELSSLRSEDTAVYYCAR
M29809|IGHV1-58*01|Homo	QMQLVQSGPEVKKPGTSVKVSCKASGFTFTSSAVQWVRQARGQRLEWIGWIVVGSGNTNYAQKFQERVTITRDMSTSTAYMELSSLRSEDTAVYYCAA
AB019438|IGHV1-58*02|Homo	QMQLVQSGPEVKKPGTSVKVSCKASGFTFTSSAMQWVRQARGQRLEWIGWIVVGSGNTNYAQKFQERVTITRDMSTSTAYMELSSLRSEDTAVYYCAA
MK321684|IGHV1-58*03|Homo	QMQLVQSGPEVKKPGTSVKVSCKASGFTFTSSAVQWVRQARGQRLEWIGWIVVGSGNTNYAQKFQERVTITRDMSTSTAYMELSSLRSEDTAVYYCAA
AB019437|IGHV1-68*01|Homo	QVQLGQSEAEVKKPGASVKVSCKASGYTFTCCSLHWLQQAPGQGLERMRWITLYNGNTNYAKKFQGRVTITRDMSLRTAYIELSSLRSEDSAVYYWAR
MK540648|IGHV1-68*02|Homo	QVQLGQSEAEVKKPGASVKVSCKASGYTFTYCSLHWLQQAPGQGLERMRWITLYNGNINYAKKFQSRVTITRDMSLRTAYIELSSLRSEDSAVYYWAR
L22582|IGHV1-69*01|Homo	QVQLVQSGAEVKKPGSSVKVSCKASGGTFSSYAISWVRQAPGQGLEWMGGIIPIFGTANYAQKFQGRVTITADESTSTAYMELSSLRSEDTAVYYCAR
Z27506|IGHV1-69*02|Homo	QVQLVQSGAEVKKPGSSVKVSCKASGGTFSSYTISWVRQAPGQGLEWMGRIIPILGIANYAQKFQGRVTITADKSTSTAYMELSSLRSEDTAVYYCAR
X92340|IGHV1-69*03|Homo	QVQLVQSGAEVKKPGSSVKVSCKASGGTFSSYAISWVRQAPGQGLEWMGGIIPIFGTANYAQKFQGRVTITADESTSTAYMELSSLRSDDT
M83132|IGHV1-69*04|Homo	QVQLVQSGAEVKKPGSSVKVSCKASGGTFSSYAISWVRQAPGQGLEWMGRIIPILGIANYAQKFQGRVTITADKSTSTAYMELSSLRSEDTAVYYCAR
X67905|IGHV1-69*05|Homo	QVQLVQSGAEVKKPGSSVKVSCKASGGTFSSYAISWVRQAPGQGLEWMGGIIPIFGTANYAQKFQGRVTITTDESTSTAYMELSSLRSEDTAVYYCAR
L22583|IGHV1-69*06|Homo	QVQLVQSGAEVKKPGSSVKVSCKASGGTFSSYAISWVRQAPGQGLEWMGGIIPIFGTANYAQKFQGRVTITADKSTSTAYMELSSLRSEDTAVYYCAR
Z29978|IGHV1-69*07|Homo	EAWVLGEGLLQGFWRHLXXQLCYQLGATGPWTRA*VDGKDHPYXXWYSKLRTEVPXXQSHDYRGRIHEHSLHGAEQPEI*
Z14309|IGHV1-69*08|Homo	QVQLVQSGAEVKKPGSSVKVSCKASGGTFSSYTISWVRQAPGQGLEWMGRIIPILGTANYAQKFQGRVTITADKSTSTAYMELSSLRSEDTAVYYCAR
Z14307|IGHV1-69*09|Homo	QVQLVQSGAEVKKPGSSVKVSCKASGGTFSSYAISWVRQAPGQGLEWMGRIIPILGIANYAQKFQGRVTITADKSTSTAYMELSSLRSEDTAVYYCAR
Z14300|IGHV1-69*10|Homo	QVQLVQSGAEVKKPGSSVKVSCKASGGTFSSYAISWVRQAPGQGLEWMGGIIPILGIANYAQKFQGRVTITADKSTSTAYMELSSLRSEDTAVYYCAR
Z14296|IGHV1-69*11|Homo	QVQLVQSGAEVKKPGSSVKVSCKASGGTFSSYAISWVRQAPGQGLEWMGRIIPILGTANYAQKFQGRVTITADESTSTAYMELSSLRSEDTAVYYCAR
Z14301|IGHV1-69*12|Homo	QVQLVQSGAEVKKPGSSVKVSCKASGGTFSSYAISWVRQAPGQGLEWMGGIIPIFGTANYAQKFQGRVTITADESTSTAYMELSSLRSEDTAVYYCAR
Z14214|IGHV1-69*13|Homo	QVQLVQSGAEVKKPGSSVKVSCKASGGTFSSYAISWVRQAPGQGLEWMGGIIPIFGTANYAQKFQGRVTITADESTSTAYMELSSLRSEDTAVYYCAR
KC713948|IGHV1-69*14|Homo	QVQLVQSGAEVKKPGSSVKVSCKASGGTFSSYAISWVRQAPGQGLEWMGGIIPIFGTANYAQKFQGRVTITADKSTSTAYMELSSLRSEDTAVYYCAR
MG719326|IGHV1-69*15|Homo	QVQLVQSGAEVKKPGSSVKVSCKASGGTFSSYAISWVRQAPGQGLEWMGRIIPIFGTANYAQKFQGRVTITADESTSTAYMELSSLRSEDTAVYYCAR
MG719328|IGHV1-69*16|Homo	QVQLVQSGAEVKKPGSSVKVSCKASGGTFSSYTISWVRQAPGQGLEWMGGIIPILGTANYAQKFQGRVTITTDESTSTAYMELSSLRSEDTAVYYCAR
MH359407|IGHV1-69*17|Homo	QVQLVQSGAEVKKPGSSVKVSCKASGGTFSSYAISWVRQAPGQGLEWMGGIIPIFGIANYAQKFQGRVTITADKSTSTAYMELSSLRSEDTAVYYCAR
MK471382|IGHV1-69*18|Homo	QVQLVQSGAEVKKPGSSVKVSCKASGGTFSSYAISWVRQAPGQGLEWMGRIIPIFGTANYAQKFQGRVTITADESTSTAYMELSSLRSEDTAVYYCAR
MN337618|IGHV1-69*19|Homo	QVQLVQSGAEVKKPGSSVKVSCKASGGTFSSYAISWVRQAPGQGLEWMGGIIPIFGTANYAQKFQGRVTITADESTSTAYMELSSLRSEDTAVYYCAR
KF698734|IGHV1-69-2*01|Homo	EVQLVQSGAEVKKPGATVKISCKVSGYTFTDYYMHWVQQAPGKGLEWMGLVDPEDGETIYAEKFQGRVTITADTSTDTAYMELSSLRSEDTAVYYCAT
Z29977|IGHV1-69-2*02|Homo	EAWGYSENLLQGFWIHLXXRLLHALGATGPWKRA*VDGTC*S*XXW*NNICREVPXXQSHHNRGHVYRHSLHGAEQPEI*
KC713934|IGHV1-69D*01|Homo	QVQLVQSGAEVKKPGSSVKVSCKASGGTFSSYAISWVRQAPGQGLEWMGGIIPIFGTANYAQKFQGRVTITADESTSTAYMELSSLRSEDTAVYYCAR
M99637|IGHV1-8*01|Homo	QVQLVQSGAEVKKPGASVKVSCKASGYTFTSYDINWVRQATGQGLEWMGWMNPNSGNTGYAQKFQGRVTMTRNTSISTAYMELSSLRSEDTAVYYCAR
HM855457|IGHV1-8*02|Homo	QVQLVQSGAEVKKPGASVKVSCKASGYTFTSYDINWVRQATGQGLEWMGWMNPNSGNTGYAQKFQGRVTMTRNTSISTAYMELSSLRSEDTAVYYCAR
MG719312|IGHV1-8*03|Homo	QVQLVQSGAEVKKPGASVKVSCKASGYTFTSYDINWVRQATGQGLEWMGWMNPNSGNTGYAQKFQGRVTITRNTSISTAYMELSSLRSEDTAVYYCAR
M13911|IGHV1-NL1*01|Homo	QVQLLQPGVQVKKPGSSVKVSC*ASRYTFTKYFTRWV*QSPGQGHXWMG*INPYNDNTHYAQTFWGRVTITSDRSMSTAYMELSXLRSEDMVVYYCVR
Z29631|IGHV1/OR15-1*01|Homo	QVQLVQSGAEVKKPGASVKVSCKASGYIFTDYYMHWVRQAPGQELGWMGRINPNSGGTNYAQKFQGRVTMTRDTSISTAYTELSSLRSEDTATYYCAR
AJ004954|IGHV1/OR15-1*02|Homo	QVQLVQSGAEVKKPGASVKVSCKASGYIFTDYYMHWVRQAPGQELGWMGRINPNSGGTNYAQKFQGRVTMTRDTSISTACTELSSLRSEDTATYYCAR
HM855589|IGHV1/OR15-1*03|Homo	QVQLVQSGAEVKKPGASVKVSCKASGYIFTDYYMHWVRQAPGQELGWMGRINPNSGGTNYAQKFQGRVTMTRDTSISTAYTELSSLRSEDTATYYCAR
HM855394|IGHV1/OR15-1*04|Homo	QVQLVQSGAEVKKPGASVKVSCKASGYIFTDYYMHWVRQAPGQELGWMGRINPNSGGTNYAQKFQGRVTMTRDTSISTAYMELSSLRSEDTATYYCAR
L25543|IGHV1/OR15-2*01|Homo	QVQLVQSGAEVKKPRASVKVSCKASGYTFTSYYMHWV*QAPEQGLEWMGWINTYNGNTNYPQKLQGRVTMTRDTSTSTAYMELSRLRSDDMAVYYCAR
HM855297|IGHV1/OR15-2*02|Homo	QVQLVQSGAEVKKPGASVKVSCKASGYTFTSYYMHWV*QAPEQGLEWMGWINTYNGNTNYPQKLQGRVTMTRDTSTSTAYMELSSLRSDDMAVYYCAR
HM855556|IGHV1/OR15-2*03|Homo	QVQLVQSGAEVKKPRASVKVSCKASGYTFTSYYMHWV*QAPEQGLEWMGWINTYNGNTNYPQKLQGRVTMTRDTSTSTAYMELSSLRSDDMAVYYCAR
Z29595|IGHV1/OR15-3*01|Homo	QVQLV*SGAEVKKPGASVKVSCKASGYTFTDYFMNWMRQAPGQRLEWMGWINAGNGNTKYSQKLQGRVTITRDTSSSTAYMQLSSLRSEDTAVYYCAR
HM855458|IGHV1/OR15-3*02|Homo	QVQLV*SGAEVKKPGASVKVSCKASGYTFTDYFMNWMRQAPGQRLEWMGWINAGNGNTKYSQKLQGRVTITRDTSASTAYMQLSSLRSEDTAVYYCAR
J00238|IGHV1/OR15-3*03|Homo	QVQLV*SGAEVKKPGASVKVSCKASGYTFTSYYMNWMRQAPGQGFEWMGWINAGNGNTKYSQKLQGRVTITRDTSASTAYMQLSSLRSEDTAVYYCAR
Z29596|IGHV1/OR15-4*01|Homo	QDQLVQSGAEVKKPLSSVKVSFKASGYTFTNNFMHWV*QAPGQGLEWMGWINAGNGNTTYAQKFQGRVTITRDTSMSTAYTELSSLRSEDTAVYYCAR
Z29633|IGHV1/OR15-5*01|Homo	EAWGLSEGLLQGFWIHLXXQLLYALGAPGPCTRA*VDGIGVP*XXWQHKLCTEVPXXQSHHNQGHIHEHSLHGAKQSEI*GHGHVLLCE
Z12314|IGHV1/OR15-5*02|Homo	QVQLVQSGAEVKKPGASVKVSCKASGYTFTNYCMHWVRQVHAQGLEWMGLVCPSDGSTSYAQKFQARVTITRDTSMSTAYMELSSLRSEDTAMYYCVR
L25542|IGHV1/OR15-9*01|Homo	QVQLMQSGAEVKKPGASVRISCKASGYTFTSYCMHWVCQAHAQGLEWMGLVCPSDGSTSYAQKFQGRVTITRDTSMGTAYMELSSLRSEDTAMYYCVR
AF254982|IGHV1/OR21-1*01|Homo	QVQLVQSGAEVKKPGASVKVSCKASGYTITSYCMHWVHQVHAQGLEWMGLVCPSDGSTSYAQKFQARVTITRDTSMSTAYMELSSLRSEDTAMYYCVR
M99647|IGHV2-10*01|Homo	QVTLKESGPALVKPTQTLMLTCTFSGFSLSTSGMGVG*ICQPSAKALEWLAHIY*NDNKYYSPSLKSRLIISKDTSKNEVVLTVINMDIVDTATHYCARR
M99648|IGHV2-26*01|Homo	QVTLKESGPVLVKPTETLTLTCTVSGFSLSNARMGVSWIRQPPGKALEWLAHIFSNDEKSYSTSLKSRLTISKDTSKSQVVLTMTNMDPVDTATYYCARI
MG719335|IGHV2-26*02|Homo	QVTLKESGPVLVKPTETLTLTCTVSGFSLSNARMGVSWIRQPPGKALEWLAHIFSNDEKSYSTSLKSRLTISKDTSKSQVVLTMTNMDPVDTATYYCARI
MG719336|IGHV2-26*03|Homo	QVTLKESGPVLVKPTETLTLTCTISGFSLSNARMGVSWIRQPPGKALEWLAHIFSNDEKSYSTSLKSRLTISKDTSKSQVVLTMTNMDPVDTATYYCARI
X62111|IGHV2-5*01|Homo	QITLKESGPTLVKPTQTLTLTCTFSGFSLSTSGVGVGWIRQPPGKALEWLALIYWNDDKRYSPSLKSRLTITKDTSKNQVVLTMTNMDPVDTATYYCAHR
KF698731|IGHV2-5*02|Homo	QITLKESGPTLVKPTQTLTLTCTFSGFSLSTSGVGVGWIRQPPGKALEWLALIYWDDDKRYSPSLKSRLTITKDTSKNQVVLTMTNMDPVDTATYYCAHR
X93619|IGHV2-5*03|Homo	W*NPHRPSR*PAPSLGSHSAXLVEWVWAGSVSPQERPWSGLHSFIGXXMISATAHL*XXAGSPLPRTPPKTR
L21963|IGHV2-5*04|Homo	QITLKESGPTLVKPTQTLTLTCTFSGFSLSTSGVGVGWIRQPPGKALEWLALIYWNDDKRYSPSLKSRLTITKDTSKNQVVLTMTNMDPVDTGTYYCV
L21964|IGHV2-5*05|Homo	QITLKESGPTLVKPTQTLTLTCTFSGFSLSTSGVGVGWIRQPPGKALEWLALIYWDDDKRYGPSLKSRLTITKDTSKNQVVLTMTNMDPVDTATYYCAHR
L21966|IGHV2-5*06|Homo	QITLKESGPTLVKPTQTLTLTCTFSGFSLSTSGVGVGWIRQPPGKALEWLALIYWDDDKRYGPSLKSRLTITKDTSKNQVVLTMTNMDPVDTATYYCAHR
L21971|IGHV2-5*08|Homo	QVTLKESGPALVKPTQTLTLTCTFSGFSLSTSGMRVSWIRQPPGKALEWLALIYWDDDKRYSPSLKSRLTITKDTSKNQVVLTMTNMDPVDTATYYCAHR
L21972|IGHV2-5*09|Homo	QVTLKESGPTLVKPTQTLTLTCTFSGFSLSTSGVGVGWIRQPPGKALEWLALIYWDDDKRYGPSLKSRLTITKDTSKNQVVLTMTNMDPVDTATYYCAHR
L21969|IGHV2-70*01|Homo	QVTLRESGPALVKPTQTLTLTCTFSGFSLSTSGMCVSWIRQPPGKALEWLALIDWDDDKYYSTSLKTRLTISKDTSKNQVVLTMTNMDPVDTATYYCARI
X92241|IGHV2-70*02|Homo	QVTLRESGPALVKPTQTLTLTCTFSGFSLSTSGMCVSWIRQPPGKALEWLALIDWDDDKYYSTSLKTRLTISKDTSKNQVVLTMTNMDPVDTAVYY
X92238|IGHV2-70*03|Homo	QVTLKESGPALVKPTQTLTLTCTFSGFSLSTSGMRVSWIRQPPGKALEWLARIDWDDDKFYSTSLKTRLTISKDTSKNQVVLTMTNMDPVDTAVYY
MG719337|IGHV2-70*04|Homo	QVTLKESGPALVKPTQTLTLTCTFSGFSLSTSGMRVSWIRQPPGKALEWLARIDWDDDKFYSTSLKTRLTISKDTSKNQVVLTMTNMDPVDTATYYCARI
Z27502|IGHV2-70*05|Homo	XRW*NPHRPSH*PAPSLGSHSAXLVECVRAGSVSPQGRPWSGLHALIGXXMINSTAHL*XXPGSPSPRTPPKTRWSLQ*PTW
X92239|IGHV2-70*06|Homo	QVTLKESGPALVKPTQTLTLTCTFSGFSLSTSGMRVSWIRQPPGKALEWLARIDWDDDKFYSTSLKTRLTISKDTSKNQVVLTMTNMDPVDTAVYY
X92243|IGHV2-70*07|Homo	QVTLRESGPALVKPTQTLTLTCTFSGFSLSTSGMCVSWIRQPPGKALEWLALIDWDDDKYYSTSLKTRLTISKDTSKNQVVLTMTNMDPVDTAVYY
X92245|IGHV2-70*08|Homo	QVTLRESGPALVKPTQTLTLTCAFSGFSLSTSGMCVSWIRQPPGKALEWLARIDWDDDKYYSTSLKTRLTISKDTSKNQVVLTMTNMDPVDTAVYY
L21962|IGHV2-70*09|Homo	QITLKESGPTLVKPTQTLTLTRTFSGFSLSTSGMCVSWIRQPPGKALEWLALIDWDDDKYYSTSLNTRLTISKDTSKNQVVLTMTNMDPVDTGTYYCVR
L21965|IGHV2-70*10|Homo	QVTLKESGPALVKPTQTLTLTCTFSGFSLSTSGMRVSWIRQPPGKALEWIARIDWDDDKYYSTSLKTRLTISKDTSKNQVVLTMTNMDPVDTATYYCARI
L21967|IGHV2-70*11|Homo	RVTLRESGPALVKPTQTLTLTCTFSGFSLSTSGMCVSWIRQPPGKALEWLARIDWDDDKYYSTSLKTRLTISKDTSKNQVVLTMTNMDPVDTATYYCARI
L21970|IGHV2-70*12|Homo	QITLKESGPTLVKPTQTLTLTCTFSGFSLSTSGMCVSWIRQPPGKALEWLALIDWDDDKYYSTSLKTRLTISKDTSKNQVVLTMTNMDPVDTATYYCAHR
AB019437|IGHV2-70*13|Homo	QVTLRESGPALVKPTQTLTLTCTFSGFSLSTSGMCVSWIRQPPGKALEWLALIDWDDDKYYSTSLKTRLTISKDTSKNQVVLTMTNMDPVDTATYYCARI
MG719338|IGHV2-70*15|Homo	QVTLRESGPALVKPTQTLTLTCTFSGFSLSTSGMCVSWIRQPPGKALEWLARIDWDDDKYYSTSLKTRLTISKDTSKNQVVLTMTNMDPVDTATYYCARI
MG719340|IGHV2-70*16|Homo	QVTLKESGPVLVKPTQTLTLTCTFSGFSLSTSGMCVSWIRQPPGKALEWLARIDWDDDKFYSTSLKTRLTISKDTSKNQVVLTMTNMDPVDTATYYCARI
MG719342|IGHV2-70*17|Homo	QVTLRESGPALVKPTQTLTLTCTFSGFSLSTSGMCVSWIRQPPGKALEWLARIDWDDDKFYSTSLKTRLTISKDTSKNQVVLTMTNMDPVDTATYYCARI
MK540648|IGHV2-70*18|Homo	QVTLRESGPALVKPTQTLTLTCTFSGFSLSTSEMCVSWVRQPPGKALEWLALIDWDDDKYYSTSLKTRLTISKDTSKNQVVLTMTNMDPVDTATYYCARI
MK540649|IGHV2-70*19|Homo	QVTLRESGPALVKPTQTLTLTCTFSGFSLSTSGMCVSWVRQPPGKALEWLALIDWDDDKHYSTSLKTRLTISKDTSKNQVVLTMTNMDPVDTATYYCARI
KC713935|IGHV2-70D*04|Homo	QVTLKESGPALVKPTQTLTLTCTFSGFSLSTSGMRVSWIRQPPGKALEWLARIDWDDDKFYSTSLKTRLTISKDTSKNQVVLTMTNMDPVDTATYYCARI
KC713949|IGHV2-70D*14|Homo	QVTLKESGPALVKPTQTLTLTCTFSGFSLSTSGMRVSWIRQPPGKALEWLARIDWDDDKFYSTSLKTRLTISKDTSKNQVVLTMTNMDPVDTATYYCARI
L25544|IGHV2/OR16-5*01|Homo	QVTLKESGPALVKPTETLTLTCTLSGFSLSTSGMGMSWIRQPPGKALEWLAHIFLNDKKSYSTSLKNRLIISKDTSKSQVVLTMTNMDPVDTATYYCAWR
M99652|IGHV3-11*01|Homo	QVQLVESGGGLVKPGGSLRLSCAASGFTFSDYYMSWIRQAPGKGLEWVSYISSSGSTIYYADSVKGRFTISRDNAKNSLYLQMNSLRAEDTAVYYCAR
X92287|IGHV3-11*03|Homo	QVQLLESGGGLVKPGGSLRLSCAASGFTFSDYYMSWIRQAPGKGLEWVSYISSSSSYTNYADSVKGRFTISRDNAKNSLYLQMNSLRAEDTAVYYCAR
HM855329|IGHV3-11*04|Homo	QVQLVESGGGLVKPGGSLRLSCAASGFTFSDYYMSWIRQAPGKGLEWVSYISSSGSTIYYADSVKGRFTISRDNAKNSLYLQMNSLRAEDTAVYYCAR
HM855583|IGHV3-11*05|Homo	QVQLVESGGGLVKPGGSLRLSCAASGFTFSDYYMSWIRQAPGKGLEWVSYISSSSSYTNYADSVKGRFTISRDNAKNSLYLQMNSLRAEDTAVYYCAR
KC713940|IGHV3-11*06|Homo	QVQLVESGGGLVKPGGSLRLSCAASGFTFSDYYMSWIRQAPGKGLEWVSYISSSSSYTNYADSVKGRFTISRDNAKNSLYLQMNSLRAEDTAVYYCAR
X92217|IGHV3-13*01|Homo	EVQLVESGGGLVQPGGSLRLSCAASGFTFSSYDMHWVRQATGKGLEWVSAIGTAGDTYYPGSVKGRFTISRENAKNSLYLQMNSLRAGDTAVYYCAR
M99653|IGHV3-13*02|Homo	EVHLVESGGGLVQPGGALRLSCAASGFTFSNYDMHWVRQATGKGLEWVSANGTAGDTYYPGSVKGRFTISRENAKNSLYLQMNSLRAGDTAVYYCAR
U29582|IGHV3-13*03|Homo	EVQLVESGGGLVQPGGSLRLSCAACGFTFSSYDMHWVRQATGKGLEWVSAIGTAGDTYYPGSVKGQFTISRENAKNSLYLQMNSLRAGDTAVYYCAR
HM855616|IGHV3-13*04|Homo	EVQLVESGGGLVQPGGSLRLSCAASGFTFSSYDMHWVRQATGKGLEWVSAIGTAGDTYYPGSVKGRFTISRENAKNSLYLQMNSLRAGDTAVYYCAR
KC713939|IGHV3-13*05|Homo	EVQLVESGGGLVQPGGSLRLSCAASGFTFSSYDMHWVRQATGKGLEWVSAIGTAGDPYYPGSVKGRFTISRENAKNSLYLQMNSLRAGDTAVYYCAR
X92216|IGHV3-15*01|Homo	EVQLVESGGGLVKPGGSLRLSCAASGFTFSNAWMSWVRQAPGKGLEWVGRIKSKTDGGTTDYAAPVKGRFTISRDDSKNTLYLQMNSLKTEDTAVYYCTT
M99654|IGHV3-15*02|Homo	EVQLVESGGALVKPGGSLRLSCAASGFTFSNAWMSWVRQAPGKGLEWVGRIKSKTDGGTTDYAAPVKGRFTISRDDSKNTLYLQMNSLKTEDTAVYYCTT
M99408|IGHV3-15*03|Homo	EVQLVESAGALVQPGGSLRLSCAASGFTCSNAWMSWVRQAPGKGLEWVGRIKSKANGGTTDYAAPVKGRFTISRVDSKNTLYLQMNSLKTEDTAVYYCTT
M99402|IGHV3-15*04|Homo	EVQLVESGGGLVKPGGSLRLSCAASGFTFSNAWMSWVRQAPGKGLEWVGRIESKTDGGTTDYAAPVKGRFTISRDDSKNTLYLQMNSLKTEDTAVYYCTT
M99403|IGHV3-15*05|Homo	EVQLVESGGGLVKPGGSLRLSCAASGFTFSNAWMSWVRQAPGKGLEWVGRIKSKTDGGTTDYAAPVKGRFTISRDDSKNTLYLQMNSLKTEDTAVYYCTT
M99404|IGHV3-15*06|Homo	EVQLVESGGGLVKPGGSLRLSCAASGFTFSNAWMSWVRQAPGKGLEWVGRIKSKTDGGTTNYAAPVKGRFTISRDDSKNTLYLQMNSLKTEDTAVYYCTT
M99406|IGHV3-15*07|Homo	EVQLVESGGGLVKPGGSLRLSCAASGFTFSNAWMNWVRQAPGKGLEWVGRIKSKTDGGTTDYAAPVKGRFTISRDDSKNTLYLQMNSLKTEDTAVYYCTT
M99400|IGHV3-15*08|Homo	EVQLVESAGGLVQPGGSLRLSCAASGFTCSNAWMSWVRQAPGKGLEWVGCIKSKANGGTTDYAAPVKGRFTISRDDSKNTLYLQMISLKTEDTAVYYCTT
M99655|IGHV3-16*01|Homo	EVQLVESGGGLVQPGGSLRLSCAASGFTFSNSDMNWARKAPGKGLEWVSGVSWNGSRTHYVDSVKRRFIISRDNSRNSLYLQKNRRRAEDMAVYYCVR
AB019440|IGHV3-16*02|Homo	EVQLVESGGGLVQPGGSLRLSCAASGFTFSNSDMNWARKAPGKGLEWVSGVSWNGSRTHYVDSVKRRFIISRDNSRNSLYLQKNRRRAEDMAVYYCVR
M99656|IGHV3-19*01|Homo	TVQLVESGGGLVEPGGSLRLSCAASGFTFSNSDMNWVRQAPGKGLEWVSGVSWNGSRTHYADSVKGRFIISRDNSRNFLYQQMNSLRPEDMAVYYCVR
M99657|IGHV3-20*01|Homo	EVQLVESGGGVVRPGGSLRLSCAASGFTFDDYGMSWVRQAPGKGLEWVSGINWNGGSTGYADSVKGRFTISRDNAKNSLYLQMNSLRAEDTALYHCAR
KC713937|IGHV3-20*02|Homo	EVQLVESGGGVVRPGGSLRLSFAASGFTFDDYGMSWVRQAPGKGLEWVSGINWNGGSTGYADSVKGRFTISRDNAKNSLYLQMNSLRAEDTALYHCAR
MH332884|IGHV3-20*03|Homo	EVQLVESGGGVVRPGGSLRLSFAASGFTFDDYGMSWVRQAPGKGLEWVSGINWNGGSTGYADSVKGRFTISRDNAKNSLYLQMNSLRAEDTALYYCAR
MK540646|IGHV3-20*04|Homo	EVQLVESGGGVVRPGGSLRLSCAASGFTFDDYGMSWVRQAPGKGLEWVSGINWNGGSTGYADSVKGRFTISRDNAKNSLYLQMNSLRAEDTALYYCAR
AB019439|IGHV3-21*01|Homo	EVQLVESGGGLVKPGGSLRLSCAASGFTFSSYSMNWVRQAPGKGLEWVSSISSSSSYIYYADSVKGRFTISRDNAKNSLYLQMNSLRAEDTAVYYCAR
M99658|IGHV3-21*02|Homo	EVQLVESGGGLVKPGGSLRLSCAASGFTFSSYSMNWVRQAPGKGLEWVSSISSSSSYIYYADSVKGRFTISRDNAKNSLYLQMNSLRAEDTAVYYCAR
HM855323|IGHV3-21*03|Homo	EVQLVESGGGLVKPGGSLRLSCAASGFTFSSYSMNWVRQAPGKGLEWVSSISSSSSYIYYADSVKGRFTISRDNAKNSLYLQMNSLRAEDTAVYYCAR
HM855688|IGHV3-21*04|Homo	EVQLVESGGGLVKPGGSLRLSCAASGFTFSSYSMNWVRQAPGKGLEWVSSISSSSSYIYYADSVKGRFTISRDNAKNSLYLQMNSLRAEDTAVYYCAR
MK308859|IGHV3-21*05|Homo	EVQLVESGGGLVKPGGSLRLSCAASGFTFSSYSMNWVRQAPGKGLEWVSYISSSSSYIYYADSVKGRFTISRDNAKNSLYLQMNSLRAEDTAVYYCAR
MN337623|IGHV3-21*06|Homo	EVQLVESGGGLVKPGGSLRLSCAASGFTFSSYSMNWVRQAPGKGLEWVSSISSSSSYIYYADSVKGRFTISRDNAKNSLYLQMNSLRAEDTAVYYCAR
M99659|IGHV3-22*01|Homo	EVHLVESGGALVQPGGSLRLSCAASGFTFSYYYMSGVRQAPGKGLEWVGFIRNKANGGTTE*TTSVKGRFTISRDDSKSITYLQMKSLKTEDTAVYYCSR
AB019439|IGHV3-22*02|Homo	EVQLVESGGGLVQPGGSLRLSCAASGFTFSYYYMSGVRQAPGKGLEWVGFIRNKANGGTTE*TTSVKGRFTISRDDSKSITYLQMKSLKTEDTAVYYCSR
M99660|IGHV3-23*01|Homo	EVQLLESGGGLVQPGGSLRLSCAASGFTFSSYAMSWVRQAPGKGLEWVSAISGSGGSTYYADSVKGRFTISRDNSKNTLYLQMNSLRAEDTAVYYCAK
M35415|IGHV3-23*02|Homo	EVQLLESGGGLVQPGGSLRLSCAASGFTFSSYAMSWVRQAPGKGLEWVSAISGSGGSTYYGDSVKGRFTISRDNSKNTLYLQMNSLRAEDTAVYYCAK
AM940223|IGHV3-23*03|Homo	EVQLLESGGGLVQPGGSLRLSCAASGFTFSSYAMSWVRQAPGKGLEWVSVIYSGGSSTYYADSVKGRFTISRDNSKNTLYLQMNSLRAEDTAVYYCAK
AC245166|IGHV3-23*04|Homo	EVQLVESGGGLVQPGGSLRLSCAASGFTFSSYAMSWVRQAPGKGLEWVSAISGSGGSTYYADSVKGRFTISRDNSKNTLYLQMNSLRAEDTAVYYCAK
AY757302|IGHV3-23*05|Homo	EVQLLESGGGLVQPGGSLRLSCAASGFTFSSYAMSWVRQAPGKGLEWVSAIYSSGSSTYYADSVKGRFTISRDNSKNTLYLQMNSLRAEDTAVYYCAK
AC244492|IGHV3-23D*01|Homo	EVQLLESGGGLVQPGGSLRLSCAASGFTFSSYAMSWVRQAPGKGLEWVSAISGSGGSTYYADSVKGRFTISRDNSKNTLYLQMNSLRAEDTAVYYCAK
M99661|IGHV3-25*01|Homo	EMQLVESGGGLQKPAWSPRLSCAASQFTFSSYYMNCVRQAPGNGLELV*QVNPNGGSTYLIDSGKDRFNTSRDNAKNTLHLQMNSLKTEDTALY*CTR
AB019439|IGHV3-25*02|Homo	EMQLVESGGGLAKPAWSPRLSCAASQFTFSSYYMNCVRQAPGNGLELV*QVNPNGGSTYLIDSGKDRFNTSRDNAKNTLHLQMNSLKTEDTALY*CTR
Z12356|IGHV3-25*03|Homo	EMQLVESGGGLAKPAWSPRLSCAASQFTFSSYYMNCVRQAPGNGLELVGQVNPNGGSTYLIDSGKDRFNTSRDNAKNTLHLQMNSLKTEDTALY*CTR
HM855898|IGHV3-25*04|Homo	ETQLVESGGGLAKPGRSPRLSCAASQFTFSSYYMNCVRQAPGNGLELVGQVNPNGGSTYLIDSGKDRFNTSRDNAKNTLHLQMNSLKTEDTALYYCTR
HM855413|IGHV3-25*05|Homo	EMQLVESGGGLAKPAWSPRLSCAASQFTFSSYYMNCVRQAPGNGLELVGQVNPNGGSTYLIDSGKDRFNTSRDNAKNTLHLQMNSLKTEDTALY*CTR
AB019439|IGHV3-29*01|Homo	EVELIEPTEDLRQPGKFLRLSCVASRFAFSSF*MSPVHQSAGKGLE*VIDIKDDGSQIHHADSVKGRFSISKDNAKNSLYLQMNSQRTEDMAVYGCT*G
M83134|IGHV3-30*01|Homo	QVQLVESGGGVVQPGRSLRLSCAASGFTFSSYAMHWVRQAPGKGLEWVAVISYDGSNKYYADSVKGRFTISRDNSKNTLYLQMNSLRAEDTAVYYCAR
L26401|IGHV3-30*02|Homo	QVQLVESGGGVVQPGGSLRLSCAASGFTFSSYGMHWVRQAPGKGLEWVAFIRYDGSNKYYADSVKGRFTISRDNSKNTLYLQMNSLRAEDTAVYYCAK
M99663|IGHV3-30*03|Homo	QVQLVESGGGVVQPGRSLRLSCAASGFTFSSYGMHWVRQAPGKGLEWVAVISYDGSNKYYADSVKGRFTISRDNSKNTLYLQMNSLRAEDTAVYYCAR
L06615|IGHV3-30*04|Homo	QVQLVESGGGVVQPGRSLRLSCAASGFTFSSYAMHWVRQAPGKGLEWVAVISYDGSNKYYADSVKGRFTISRDNSKNTLYLQMNSLRAEDTAVYYCAR
M77323|IGHV3-30*05|Homo	QVQLVESGGGVVQPGRSLRLSCAASGFTFSSYGMHWVRQAPGKGLEWVAVISYDGSNKYYADSVKGRFTISRDNSKNTLYLQMNSLRAEGTAVYYCAR
L06617|IGHV3-30*06|Homo	QVQLVESGGGVVQPGRSLRLSCAASGFTFSSYGMHWVRQAPGKGLEWVAVISYDGSNKYYADSVKGRFTISRDNSKNTLYLQMNSLRAEDTAVYYCAR
L06614|IGHV3-30*07|Homo	QVQLVESGGGVVQPGRSLRLSCAASGFTFSSYAMHWVRQAPGKGLEWVAVISYDGSNKYYADSVKGRFTISRDNSKNTLYLQMNSLRAEDTAVYYCAR
M62737|IGHV3-30*08|Homo	QVQLVDSGGGVVQPGRSLRLSCAASAFTFSSYAMHWVRQAPGKGLEWVAVISYDGSNKYYADSVKGRFTISRDNSKNTLYLQMNSLRAEDTAVYYCAR
M77300|IGHV3-30*09|Homo	QVQLVESGGGVVQPGRSLRLSCAASGFTFSSYAMHWVRQAPGKGLEWVAVISYDGSNKYYADSVKGRFAISRDNSKNTLYLQMNSLRAEDTAVYYCAR
M77326|IGHV3-30*10|Homo	QVQLVESGGGVVQPGRSLRLSCAASGFTFSSYAMHWVRQAPGKGLEWVAVISYDGSNKYYTDSVKGRFTISRDNSKNTLYLQMNSLRAEDTAVYYCAR
M77331|IGHV3-30*11|Homo	QVQLVESGGGVVQPGRSLRLSCAASGFTFSSYAMHWVRQAPGKGLEWVAVISYDGSNKYYADSVKGRFTISRDNSKNTLYLQMNSLRAEDTAVYYCAR
M77338|IGHV3-30*12|Homo	QVQLVESGGGVVQPGRSLRLSCAASGFTFSSYGMHWVRQAPGKGLEWVAVISYDGSNKYYADSVKGRFTISRDNSKNTLYLQMNSLRAEDTAVYYCAR
M77339|IGHV3-30*13|Homo	QVQLVESGGGVVQPGRSLRLSCAASGFTFSSYGMHWVRQAPGKGLEWVAVISYDGSNKYYADSVKGRFTISRDNSKNRLYLQMNSLRAEDTAVYYCAR
M77324|IGHV3-30*14|Homo	QVQLVESGGGVVQPGRSLRLSCAASGFTFSSYAMHWVRQAPGKGLEWVAVISYDGSNKYYADSVKGRFTISRDNSKNTLYLQMNSLRAEDTAVYYCAR
M77327|IGHV3-30*15|Homo	QVQLVESGGGVVQPGRSLRLSCAASGFTFSSYAMHWVRQAPGKGLEWVAVISYDGSNKYYADSVKGRFTISRDNSKNTLYLQMSSLRAEDTAVYYCAR
M77328|IGHV3-30*16|Homo	QVQLVESGGGVVQPGRSLRLSCAASGFTFSSYAMHWVRQAPGKGLEWVAVISYDGSNKYYADSVKGRFTISRDNSKNTLYLQMNSLRAEDTAVYYCAR
M77329|IGHV3-30*17|Homo	QVQLVESGGGVVQPGRSLRLSCAASGFTFSSYAMHWVRQAPGKGLEWVAVISYDGSNKYYADSVKGRFTISRDNSKNTLYLQMNSLRAEDTAVYYCAR
X92214|IGHV3-30*18|Homo	QVQLVESGGGVVQPGRSLRLSCAASGFTFSSYGMHWVRQAPGKGLEWVAVISYDGSNKYYADSVKGRFTISRDNSKNTLYLQMNSLRAEDTAVYYCAK
L06616|IGHV3-30*19|Homo	QVQLVESGGGVVQPGRSLRLSCAASGFTFSSYGMHWVRQAPGKGLEWVAVISYDGSNKYYADSVKGRFTISRDNSKNTLYLQMNSLRAEDTAVYYCAR
AB019439|IGHV3-30-2*01|Homo	EVQLVESGEDPRQPGGSLRLSCADSGLTFSSY*RNSVSQAPGKGLE*VVDIQCDGSQICYA*SLKSKFTISKENAKNSLYLLMNSLRAAGTAVCYCM*G
KC162924|IGHV3-30-22*01|Homo	EVELIESIEDLRQPGKFLRLSCVASRFAFSSF*MSRVHQSPGKGLE*VIDIKDDGSQIHHADSVKGRFSISKDNAKNSLYLQMNSQRAEDMDVYGCT*G
AC244456|IGHV3-30-3*01|Homo	QVQLVESGGGVVQPGRSLRLSCAASGFTFSSYAMHWVRQAPGKGLEWVAVISYDGSNKYYADSVKGRFTISRDNSKNTLYLQMNSLRAEDTAVYYCAR
M77302|IGHV3-30-3*02|Homo	QVQLVESGGGVVQPGRSLRLSCAASGFTFSSYAMHWVRQAPGKGLEWVAVISYDGSNKYYADSVKGRFTISRDNSKNTLYLQMNSLRAEDTAVYYCAK
KC713945|IGHV3-30-3*03|Homo	QVQLVESGGGVVQPGRSLRLSCAASGFTFSSYAMHWVRQAPGKGLEWVAVISYDGSNKYYADSVKGRFTISRDNSKNTLYLQMNSLRAEDTAVYYCAR
AC244456|IGHV3-30-33*01|Homo	EVQLVESGEDPRQPGGSLRLSCADSGLTFSSY*RSSVSQAPGKGLE*VVDIQCDGSQICYA*SLKSKFTISKENAKNSLYLLMNSLRAEGTAVCYCM*
AC244456|IGHV3-30-42*01|Homo	EVELIEPTEDLRQPGKFLRLSCVASRFAFSSF*MSPVHQSAGKGLE*VIDIKDDGSQIHHADSVKGRFSISKDNAKNSLYLQMNSQRTEDMAVYGCT*G
AC244456|IGHV3-30-5*01|Homo	QVQLVESGGGVVQPGRSLRLSCAASGFTFSSYGMHWVRQAPGKGLEWVAVISYDGSNKYYADSVKGRFTISRDNSKNTLYLQMNSLRAEDTAVYYCAK
AC245243|IGHV3-30-5*02|Homo	QVQLVESGGGVVQPGGSLRLSCAASGFTFSSYGMHWVRQAPGKGLEWVAFIRYDGSNKYYADSVKGRFTISRDNSKNTLYLQMNSLRAEDTAVYYCAK
AC244456|IGHV3-30-52*01|Homo	EVQLVESGEDPRQPGGSLRLSCADSGLTFSSY*RNSVSQAPGKGLE*VVDIQCDGSQICYA*SLKSKFTISKENAKNSLYLLMNSLRAAGTAVCYCM*
AB019439|IGHV3-32*01|Homo	EVELIESIEDLRQPGKFLRLSCVASRFAFSSF*MSRVHQSPGKGLE*VIDIKDDGSQIHHADSVKGRFSISKDNAKNSLYLQMNTQRAEDVAVYGYT*G
AB019439|IGHV3-33*01|Homo	QVQLVESGGGVVQPGRSLRLSCAASGFTFSSYGMHWVRQAPGKGLEWVAVIWYDGSNKYYADSVKGRFTISRDNSKNTLYLQMNSLRAEDTAVYYCAR
M99665|IGHV3-33*02|Homo	QVQLVESGGGVVQPGRSLRLSCAASGFTFSSYGMHWVRQAPGKGLEWVAVIWYDGSNKYYADSAKGRFTISRDNSTNTLFLQMNSLRAEDTAVYYCAR
M77305|IGHV3-33*03|Homo	QVQLVESGGGVVQPGRSLRLSCAASGFTFSSYGMHWVRQAPGKGLEWVAVIWYDGSNKYYADSVKGRFTISRDNSKNTLYLQMNSLRAEDTAVYYCAK
M77335|IGHV3-33*04|Homo	QVQLVESGGGVVQPGRSLRLSCAASGFTFSSYGMHWVRQAPGKGLEWVAVIWYDGSNKYYADSVKGRFTISRDNSKNTLYLQMNSLRAEDTAVYYCAR
M77334|IGHV3-33*05|Homo	QVQLVESGGGVVQPGRSLRLSCAASGFTFSSYGMHWVRQAPGKGLEWVAVISYDGSNKYYADSVKGRFTISRDNSKNTLYLQMNSLRAEDTAVYYCAR
HM855436|IGHV3-33*06|Homo	QVQLVESGGGVVQPGRSLRLSCAASGFTFSSYGMHWVRQAPGKGLEWVAVIWYDGSNKYYADSVKGRFTISRDNSKNTLYLQMNSLRAEDTAVYYCAK
IMGT000056|IGHV3-33*07|Homo	QVQLVESGGRVVQPGRSLRLSCAASGFTFSRYGMYWVRQAPGKGLEWVAVIWYDGSNKYYADSVKGRFTISRDNSKNTLYLQMNSLRAEDTAVYYCAR
AB019439|IGHV3-33-2*01|Homo	EVQLVESGEDPRQPGGSLRLSCADSGLTFSSY*MSSVSQAPGKGLE*VVDIQCDGSQICYAQSVKSKFTISKENAKNSLYLQMNSLRAEGTAVCYCM*G
M99666|IGHV3-35*01|Homo	EVQLVESGGGLVQPGGSLRLSCAASGFTFSNSDMNWVHQAPGKGLEWVSGVSWNGSRTHYADSVKGRFIISRDNSRNTLYLQTNSLRAEDTAVYYCVR
M99669|IGHV3-38*01|Homo	EVQLVESGGGLVQPRGSLRLSCAASGFTVSSNEMSWIRQAPGKGLEWVSSISGGSTYYADSRKGRFTISRDNSKNTLYLQMNNLRAEGTAAYYCARY
AB019439|IGHV3-38*02|Homo	EVQLVESGGGLVQPRGSLRLSCAASGFTVSSNEMSWIRQAPGKGLEWVSSISGGSTYYADSRKGRFTISRDNSKNTLYLQMNNLRAEGTAVYYCARY
KC713943|IGHV3-38*03|Homo	EVQLVESGGGLVQPRGSLRLSCAASGFTVSSNEMSWIRQAPGKGLEWVSSISGGSTYYADSRKGRFTISRDNSKNTLYLQMNNLRAEGTAVYYCARY
KF698732|IGHV3-38-3*01|Homo	EVQLVESRGVLVQPGGSLRLSCAASGFTVSSNEMSWVRQAPGKGLEWVSSISGGSTYYADSRKGRFTISRDNSKNTLHLQMNSLRAEDTAVYYCKK
IMGT000035|IGHV3-41*02|Homo	EVQLVESGGGLVQPGGSLRLSCAASGFSFSSYGMSWVRQAPGKGLD*VAHIWNDGSQKYYADSVKGRFTISRDNSKSMLYLQMDSLKAKDTAMYYCTR
M99672|IGHV3-43*01|Homo	EVQLVESGGVVVQPGGSLRLSCAASGFTFDDYTMHWVRQAPGKGLEWVSLISWDGGSTYYADSVKGRFTISRDNSKNSLYLQMNSLRTEDTALYYCAKD
HM855392|IGHV3-43*02|Homo	EVQLVESGGGVVQPGGSLRLSCAASGFTFDDYAMHWVRQAPGKGLEWVSLISGDGGSTYYADSVKGRFTISRDNSKNSLYLQMNSLRTEDTALYYCAKD
KC713950|IGHV3-43D*03|Homo	EVQLVESGGVVVQPGGSLRLSCAASGFTFDDYAMHWVRQAPGKGLEWVSLISWDGGSTYYADSVKGRFTISRDNSKNSLYLQMNSLRAEDTALYYCAKD
AC242184|IGHV3-43D*04|Homo	EVQLVESGGVVVQPGGSLRLSCAASGFTFDDYAMHWVRQAPGKGLEWVSLISWDGGSTYYADSVKGRFTISRDNSKNSLYLQMNSLRAEDTALYYCAKD
Z18900|IGHV3-47*01|Homo	EDQLVESGGGLVQPGGSLRPSCAASGFAFSSYALHWVRRAPGKGLEWVSAIGTGGDTYYADSVMGRFTISRDNAKKSLYLHMNSLIAEDMAVYYCAR
AB019438|IGHV3-47*02|Homo	EDQLVESGGGLVQPGGSLRPSCAASGFAFSSYVLHWVRRAPGKGPEWVSAIGTGGDTYYADSVMGRFTISRDNAKKSLYLQMNSLIAEDMAVYYCAR
M99675|IGHV3-48*01|Homo	EVQLVESGGGLVQPGGSLRLSCAASGFTFSSYSMNWVRQAPGKGLEWVSYISSSSSTIYYADSVKGRFTISRDNAKNSLYLQMNSLRAEDTAVYYCAR
AB019438|IGHV3-48*02|Homo	EVQLVESGGGLVQPGGSLRLSCAASGFTFSSYSMNWVRQAPGKGLEWVSYISSSSSTIYYADSVKGRFTISRDNAKNSLYLQMNSLRDEDTAVYYCAR
U03893|IGHV3-48*03|Homo	EVQLVESGGGLVQPGGSLRLSCAASGFTFSSYEMNWVRQAPGKGLEWVSYISSSGSTIYYADSVKGRFTISRDNAKNSLYLQMNSLRAEDTAVYYCAR
HM855336|IGHV3-48*04|Homo	EVQLVESGGGLVQPGGSLRLSCAASGFTFSSYSMNWVRQAPGKGLEWVSYISSSSSTIYYADSVKGRFTISRDNAKNSLYLQMNSLRAEDTAVYYCAR
M99676|IGHV3-49*01|Homo	EVQLVESGGGLVQPGRSLRLSCTASGFTFGDYAMSWFRQAPGKGLEWVGFIRSKAYGGTTEYTASVKGRFTISRDGSKSIAYLQMNSLKTEDTAVYYCTR
M99401|IGHV3-49*02|Homo	EVQLVESGGGLVQPGPSLRLSCTASGFTFGYYPMSWVRQAPGKGLEWVGFIRSKAYGGTTEYAASVKGRFTISRDDSKSIAYLQMNSLKTEDTAVYYCTR
AB019438|IGHV3-49*03|Homo	EVQLVESGGGLVQPGRSLRLSCTASGFTFGDYAMSWFRQAPGKGLEWVGFIRSKAYGGTTEYAASVKGRFTISRDDSKSIAYLQMNSLKTEDTAVYYCTR
AM940220|IGHV3-49*04|Homo	EVQLVESGGGLVQPGRSLRLSCTASGFTFGDYAMSWVRQAPGKGLEWVGFIRSKAYGGTTEYAASVKGRFTISRDDSKSIAYLQMNSLKTEDTAVYYCTR
AM940221|IGHV3-49*05|Homo	EVQLVESGGGLVKPGRSLRLSCTASGFTFGDYAMSWFRQAPGKGLEWVGFIRSKAYGGTTEYAASVKGRFTISRDDSKSIAYLQMNSLKTEDTAVYYCTR
M99678|IGHV3-52*01|Homo	EVQLVESG*GLVQPGGSLRLSCAASGFTFSSSWMHWVCQAPEKGLEWVADIKCDGSEKYYVDSVKGRLTISRDNAKNSLYLQVNSLRAEDMTVYYCVR
Z17388|IGHV3-52*02|Homo	EVQLVESG*GLVQPGGSLRLSCAASGFTFSSSWMHWVCQAPEKGQEWVADIKCDGSEKYYVDSVKGRLTISRDNAKNSLYLQVNSLRAEDMTVYYCVR
J00237|IGHV3-52*03|Homo	EVQLVESG*GLVQPGGSLRLSCAASGFTFSSSWMHWVCQAPEKGLEWVADIKCDGSEKYYVDSVKGRLTISRDNAKNSLYLQVNSLRAEDMTVYYCVR
M99679|IGHV3-53*01|Homo	EVQLVESGGGLIQPGGSLRLSCAASGFTVSSNYMSWVRQAPGKGLEWVSVIYSGGSTYYADSVKGRFTISRDNSKNTLYLQMNSLRAEDTAVYYCAR
KF698735|IGHV3-53*02|Homo	EVQLVETGGGLIQPGGSLRLSCAASGFTVSSNYMSWVRQAPGKGLEWVSVIYSGGSTYYADSVKGRFTISRDNSKNTLYLQMNSLRAEDTAVYYCAR
J03617|IGHV3-53*03|Homo	EVQLVESGGGLIQPGGSLRLSCAASGFTVSSNYMSWVRQPPGKGLEWVSVIYSGGSTYYADSVKGRFTISRDNSKNTLYLQMNSLRAEDTAVYYCAR
HM855453|IGHV3-53*04|Homo	EVQLVESGGGLVQPGGSLRLSCAASGFTVSSNYMSWVRQAPGKGLEWVSVIYSGGSTYYADSVKGRFTISRHNSKNTLYLQMNSLRAEDTAVYYCAR
MK308860|IGHV3-53*05|Homo	EVQLVETGGGLIQPGGSLRLSCAASGFTVSSNYMSWVRQAPGKGLEWVSVIYSGGSTYYADSVKGRFTISRDNSKNTLYLQMNSLRAEDTAVYYCAR
M99680|IGHV3-54*01|Homo	EVQLVESEENQRQLGGSLRLSCADSGLTFSSY*MSSDSQAPGKGLE*VVDI**DRSQLCYAQSVKSRFTISKENAKNSLCLQMNSLRAEGTAVYYCM*
X92215|IGHV3-54*02|Homo	EVQLVESEENQRQLGGSLRLSCADSGLTFSSY*MSSDSQAPGKGLE*VVDI*YDRSQICYAQSVKSRFTISKENAKNSLRLQMNSLRAEGTAVYYCM*
AB019438|IGHV3-54*04|Homo	EVQLVESEENQRQLGGSLRLSCADSGLTFSSY*MSSDSQAPGKGLE*VVDI**DRSQLCYAQSVKSRFTISKENAKNSLCLQMNSLRAEGTAVYYCM*
AB019437|IGHV3-62*01|Homo	EVQLVESGEGLVQPGGSLRLSCAASGFTFSSSAMHWVRQAPRKGL*WVSVISTSGDTVLYTDSVKGRFTISRDNAQNSLSLQMNSLRAEGTVVYYCVK
IMGT000035|IGHV3-62*03|Homo	EVQLVESGEGLVQPGGSLRLSCAASGFTFSSSAMHWVRQAPRKGL*WVSVISTSGDTVLYTDSVKGRFTISRDNAQNSLYLQMNSLRADDMAVYYCVK
MK540647|IGHV3-62*04|Homo	EVQLVKSGGGLVQPGGSLRLSCAASGFTFSSSAMHWVRQAPRKGLEWVSVISTSGDTVLYTDSVKGRFTISRDNAQNSLSLQMNSLRAEDMAVYYCVK
M99681|IGHV3-63*01|Homo	EVELIESIEGLRQLGKFLRLSCVASGFTFSSY*MSWVNETLGKGLEGVIDVKYDGSQIYHADSVKGRFTISKDNAKNSPYLQTNSLRAEDMTMHGCT*G
Z15099|IGHV3-63*02|Homo	EVELIESIEGLRQLGKFLRLSCVASGFTFSSY*MSWVNETLGKGLEGVIDVKYDGSQIYHADSVKGRFTISKDNAKNSPYLQTNSLRAEDMTMHGCT*
M99682|IGHV3-64*01|Homo	EVQLVESGGGLVQPGGSLRLSCAASGFTFSSYAMHWVRQAPGKGLEYVSAISSNGGSTYYANSVKGRFTISRDNSKNTLYLQMGSLRAEDMAVYYCAR
AB019437|IGHV3-64*02|Homo	EVQLVESGEGLVQPGGSLRLSCAASGFTFSSYAMHWVRQAPGKGLEYVSAISSNGGSTYYADSVKGRFTISRDNSKNTLYLQMGSLRAEDMAVYYCAR
M77298|IGHV3-64*03|Homo	EVQLVESGGGLVQPGGSLRLSCSASGFTFSSYAMHWVRQAPGKGLEYVSAISSNGGSTYYADSVKGRFTISRDNSKNTLYVQMSSLRAEDTAVYYCVK
M77299|IGHV3-64*04|Homo	QVQLVESGGGLVQPGGSLRLSCSASGFTFSSYAMHWVRQAPGKGLEYVSAISSNGGSTYYADSVKGRFTISRDNSKNTLYLQMNSLRAEDTAVYYCAR
M77301|IGHV3-64*05|Homo	EVQLVESGGGLVQPGGSLRLSCSASGFTFSSYAMHWVRQAPGKGLEYVSAISSNGGSTYYADSVKGRFTISRDNSKNTLYVQMSSLRAEDTAVYYCVK
MK540647|IGHV3-64*07|Homo	EVQLVESGGGLVQPGGSLRLSCAASGFTFSSYAMHWVRQAPGKGLEYVSAISSNGGSTYYADSVKGRFTISRDNSKNTLYLQMGSLRAEDMAVYYCAR
KC713941|IGHV3-64D*06|Homo	EVQLVESGGGLVQPGGSLRLSCSASGFTFSSYAMHWVRQAPGKGLEYVSAISSNGGSTYYADSVKGRFTISRDNSKNTLYLQMSSLRAEDTAVYYCVK
MN337624|IGHV3-64D*08|Homo	EVQLVESGGGLVQPGGSLRLSCSASGFTFSSYAMHWVRQAPGKGLEYVSAISSNGGSTYYADSVKGRFTISRDNSKNTLYLQMSSLRAEDTAVYYCVK
MN337625|IGHV3-64D*09|Homo	EVQLVESGGGLVQPGGSLRLSCSASGFTFSSYAMHWVRQAPGKGLEYVSAISSNGGSTYYADSVKGRFTISRDNSKNTLYLQMSSLRAEDTAVYYCVK
X92218|IGHV3-66*01|Homo	EVQLVESGGGLVQPGGSLRLSCAASGFTVSSNYMSWVRQAPGKGLEWVSVIYSGGSTYYADSVKGRFTISRDNSKNTLYLQMNSLRAEDTAVYYCAR
Z27504|IGHV3-66*02|Homo	EVQLVESGGGLVQPGGSLRLSCAASGFTVSSNYMSWVRQAPGKGLEWVSVIYSGGSTYYADSVKGRFTISRDNSKNTLYLQMNSLRAEDTAVYYCAR
AB019437|IGHV3-66*03|Homo	EVQLVESGGGLIQPGGSLRLSCAASGFTVSSNYMSWVRQAPGKGLEWVSVIYSCGSTYYADSVKGRFTISRDNSKNTLYLQMNSLRAEDTAVYYCAR
X70208|IGHV3-66*04|Homo	EVQLVESGGGLVQPGGSLRLSCAASGFTVSSNYMSWVRQAPGKGLEWVSVIYSGGSTYYADSVKGRFTISRDNSKNTLYLQMNSLRAEDTAVYYCAR
AJ879484|IGHV3-69-1*01|Homo	EVQLVESGGGLVKPGGSLRLSCAASGFTFSDYYMNWVRQAPGKGLEWVSSISSSSTIYYADSVKGRFTISRDNAKNSLYLQMNSLRAEDTAVYYCAR
AJ879485|IGHV3-69-1*02|Homo	EVQLVESGGGLVKPGGSLRLSCAASGFTFSDYYMNWVRQAPGKGLEWVSSISSSSTIYYADSVKGRFTISRDNAKNSLYLQMNSLRAEDTAVYYCAR
M99649|IGHV3-7*01|Homo	EVQLVESGGGLVQPGGSLRLSCAASGFTFSSYWMSWVRQAPGKGLEWVANIKQDGSEKYYVDSVKGRFTISRDNAKNSLYLQMNSLRAEDTAVYYCAR
X92288|IGHV3-7*02|Homo	EVQLVESGGGLVQPGGSLRLSCAASGFTFSSYWMSWVRQAPGKGLEWVANIKQDGSEKYYVDSVKGRFTISRDNAKNSLYLQMNSLRAEDTAVYYCAR
HM855666|IGHV3-7*03|Homo	EVQLVESGGGLVQPGGSLRLSCAASGFTFSSYWMSWVRQAPGKGLEWVANIKQDGSEKYYVDSVKGRFTISRDNAKNSLYLQMNSLRAEDTAVYYCAR
BK010574|IGHV3-7*04|Homo	EVQLVESGGGLVQPGGSLRLSCAASGFTFSSYWMSWVRQAPGKGLEWVANIKQDGSEKYYVDSVKGRFTISRDNAKNSLYLQMNSLRAEDTAVYYCAR
MN337619|IGHV3-7*05|Homo	EVQLVESGGGLVQPGGSLRLSCAASGFTFSSYWMSWVRQAPGKGLEWVANIKQDGSEKYYVDSVKGRFTISRDNAKNSLYLQMNSLRAEDTAVYYCAR
AB019437|IGHV3-71*01|Homo	EVQLVESGGGLVQPGGSLRLSCAASGFTFSDYYMSWVRQAPGKGLEWVGFIRNKANGGTTE*TTSVKGRFTISRDDSKSITYLQMNSLRAEDTAVYYCAR
HM855875|IGHV3-71*02|Homo	EVQLVESGGGLVQPGGSLRLSCAASGFTFSDYYMSWVRQAPGKGLEWVGFIRNKANGGTTE*TTSVKGRFTISRDDSKSITYLQMNSLRAEDMAVYYCAR
HM855455|IGHV3-71*03|Homo	EVQLVESGGGLVQPGGSLRLSCAASGFTFSDYYMSWVRQAPGKGLEWVGFIRNKANGGTTE*TTSVKGRFTISRDDSKSITYLQMNSLRAEDTAVYYCAR
MK540648|IGHV3-71*04|Homo	EVQLVESGGGLVQPGGSLRLSCAASGFTFSDYYMSWVRQAPGKGLEWVGFIRNKANGGTTE*TTSVKGRFTISRDDSKSITYLQMNSLRAEDTAVYYCAR
X92206|IGHV3-72*01|Homo	EVQLVESGGGLVQPGGSLRLSCAASGFTFSDHYMDWVRQAPGKGLEWVGRTRNKANSYTTEYAASVKGRFTISRDDSKNSLYLQMNSLKTEDTAVYYCAR
Z29979|IGHV3-72*02|Homo	TFSDHYMDWVRQAPGKGLEWVGRTRNKANSYTTEYAASVKGRFTISRDDSKNSLY
X70197|IGHV3-73*01|Homo	EVQLVESGGGLVQPGGSLKLSCAASGFTFSGSAMHWVRQASGKGLEWVGRIRSKANSYATAYAASVKGRFTISRDDSKNTAYLQMNSLKTEDTAVYYCTR
AB019437|IGHV3-73*02|Homo	EVQLVESGGGLVQPGGSLKLSCAASGFTFSGSAMHWVRQASGKGLEWVGRIRSKANSYATAYAASVKGRFTISRDDSKNTAYLQMNSLKTEDTAVYYCTR
L33851|IGHV3-74*01|Homo	EVQLVESGGGLVQPGGSLRLSCAASGFTFSSYWMHWVRQAPGKGLVWVSRINSDGSSTSYADSVKGRFTISRDNAKNTLYLQMNSLRAEDTAVYYCAR
Z17392|IGHV3-74*02|Homo	EVQLVESGGGLVQPGGSLRLSCAASGFTFSSYWMHWVRQAPGKGLVWVSRINSDGSSTSYADSVKGRFTISRDNAKNTLYLQMNSLRAEDTAVYYCAR
J00239|IGHV3-74*03|Homo	EVQLVESGGGLVQPGGSLRLSCAASGFTFSSYWMHWVRQAPGKGLVWVSRINSDGSSTTYADSVKGRFTISRDNAKNTLYLQMNSLRAEDTAVYYCAR
M99651|IGHV3-9*01|Homo	EVQLVESGGGLVQPGRSLRLSCAASGFTFDDYAMHWVRQAPGKGLEWVSGISWNSGSIGYADSVKGRFTISRDNAKNSLYLQMNSLRAEDTALYYCAKD
HM855577|IGHV3-9*02|Homo	EVQLVESGGGLVQPGRSLRLSCAASGFTSDDYAMHWVRQAPGKGLEWVSGISWNSGSIGYADSVKGRFTISRDNAKNSLYLQMNSLRAEDTALYYCAKD
KC713947|IGHV3-9*03|Homo	EVQLVESGGGLVQPGRSLRLSCAASGFTFDDYAMHWVRQAPGKGLEWVSGISWNSGSIGYADSVKGRFTISRDNAKNSLYLQMNSLRAEDMALYYCAKD
HM855939|IGHV3-NL1*01|Homo	QVQLVESGGGVVQPGGSLRLSCAASGFTFSSYGMHWVRQAPGKGLEWVSVIYSGGSSTYYADSVKGRFTISRDNSKNTLYLQMNSLRAEDTAVYYCAK
Z29597|IGHV3/OR15-7*01|Homo	EVQLVESGGGLVQPGGSLRLSCAASGFTFSDHYMSWVRQAQGKGLELVGLIRNKANSYTTEYAASVKGRLTISREDSKNTMYLQMSNLKTEDLAVYYCAR
M36530|IGHV3/OR15-7*02|Homo	EVQLLESGGGLVQPGGSLRLSCAASGFTFSDHYMSWVRQAQGKGLELVGLIRNKANSYTTEYAASVKGRLTISREDSKNTLYLQMSSLKTEDLAVYYCAR
Z12332|IGHV3/OR15-7*03|Homo	EVQLVESGGGLVQPGGSLRLSCAASGFTFSDHYMSWVRQAQGKGLELVGLIRNKANSYTTEYAASVKGRLTISREDSKNTLYLQMSSLKTEDLAVYYCAR
HM855865|IGHV3/OR15-7*05|Homo	EVQLVESGGGLVQPGGSLRLSCAASGFTFSDHYMSWVRQAQGKGLELVGLIRNKANSYTTEYAASVKGRLTISREDSKNTLYLQMSNLKTEDLAVYYCAR
Z29607|IGHV3/OR16-10*01|Homo	EVQLVQSGGGLVHPGGSLRLSCAGSGFTFSSYAMHWVRQAPGKGLEWVSAIGTGGGTYYADSVKGRFTISRDNAKNSLYLQMNSLRAEDMAVYYCAR
Z12345|IGHV3/OR16-10*02|Homo	EVQLVQSGGGLVQPGGSLRLSCAGSGFTFSSYAMHWVRQAPGKGLEWVSAIGTGGGTYYADSVKGRFTISRDNAKNSLYLQMNSLRAEDMAVYYCAR
HM855718|IGHV3/OR16-10*03|Homo	EVQLVESGGGLVQPGGSLRLSCAGSGFTFSSYAMHWVRQAPGKGLEWVSAIGTGGGTYYADSVKGRFTISRDNAKNSLYLQMNSLRAEDMAVYYCAR
Z29609|IGHV3/OR16-12*01|Homo	EVQLVESGRGLAQPGGYLKLSGAASGFTVGSWYMSWIHQAPGKGLEWVSYISSSGCSTNYADSVKGRFTISTDNSKNTLYLQMNSLRVEDTAVYYCAR
Z29610|IGHV3/OR16-13*01|Homo	EVQLVESGGGLVQPGGSLRLSCAASGFTFSSYWMHWVRQAPGKGLVWVSRINSDGSSTSYADSMKGQFTISRDNAKNTLYLQMNSLRAEDMAVYYCTR
Z29611|IGHV3/OR16-14*01|Homo	EVQLEESGGGLVQPGGSLRLSCAASGFTFSSYWMHWVRQSPGKGLV*VSRINSDGSSTSYADSLKGQFTISRDNAKNTLYLQMNSLRAEDMAVYYCTR
L25546|IGHV3/OR16-15*01|Homo	EVQLVESGGGLVQPGGSLRLSCAASVFTFSNSDINWVL*APGKGLEWVSGISWNGGKTHYVDSVKGQFSISRDNSSKSLYLQKNRQRAKDMAVYYCVR
Z29612|IGHV3/OR16-15*02|Homo	EVQLVESGGGLVQPGGSLRHSCAASGFTFSNSDMNWVL*APGKGLEWVSGISWNGGKTHYVDSVKGQFTISRDNSSKSLYLQKNRQRAKDMAVYYCVR
Z29613|IGHV3/OR16-16*01|Homo	EVQLVESGGGLVQPGGSLRHSCAASGFTFSNSDMNWVL*APGKGLEWVSDISWNGGKTHYVDSVKGQFTISRDNSSKSLYLQKNRQRAKDMAVYYCVR
HM855668|IGHV3/OR16-6*02|Homo	EVQLVESAGGLGTAWGSLRLSCAASGFTCSNAWMSWVRQAPGKGLEWVGCIKSKANGGTTDYAAPVKGRFTISRDDSKNTLYLQMISLKTEDTAVYYCTT
Z29605|IGHV3/OR16-8*01|Homo	EVQLVESGGGLVQPGGSLRLSCPASGFTFSNHYMSWVRQAPGKGLEWVSYISGDSGYTNYADSVKGRFTISRDNANNSPYLQMNSLRAEDTAVYYCVK
HM855427|IGHV3/OR16-8*02|Homo	EVQLVESGGGLVQPGGSLRLSCPDSGFTFSNHYMSWVRQAPGKGLEWISYISGDSGYTNYADSVKGRFTISRDNANNSPYLQMNSLRAEDTAVYYCVK
Z29606|IGHV3/OR16-9*01|Homo	EVQLVESGGGLVQPGGSLRLSCAASGFTFSNHYTSWVRQAPGKGLEWVSYSSGNSGYTNYADSVKGRFTISRDNAKNSLYLQMNSLRAEDTAVYYCVK
X05714|IGHV4-28*01|Homo	QVQLQESGPGLVKPSDTLSLTCAVSGYSISSSNWWGWIRQPPGKGLEWIGYIYYSGSTYYNPSLKSRVTMSVDTSKNQFSLKLSSVTAVDTAVYYCAR
M83133|IGHV4-28*02|Homo	QVQLQESGPGLVKPSQTLSLTCAVSGYSISSSNWWGWIRQPPGKGLEWIGYIYYSGSIYYNPSLKSRVTMSVDTSKNQFSLKLSSVTAVDTAVYYCAR
X92233|IGHV4-28*03|Homo	QVQLQESGPGLVKPSDTLSLTCAVSGYSISSSNWWGWIRQPPGKGLEWIGYIYYSGSTYYNPSLKSRVTMSVDTSKNQFSLKLSSVTAVDTAVYYCAR
X56358|IGHV4-28*04|Homo	QVQLQESGPGLVKPSDTLSLTCAVSGYSISSSNWWGWIRQPPGKGLEWIGYIYYSGSTYYNPSLKSRVTMSVDTSKNQFSLKLSSVTAVDTGVYYCAR
HM855339|IGHV4-28*05|Homo	QVQLQESGPGLVKPSDTLSLTCAVSGYSISSSNWWGWIRQPPGKGLEWIGYIYYSGSIYYNPSLKSRVTMSVDTSKNQFSLKLSSVTAVDTAVYYCAR
HM855782|IGHV4-28*06|Homo	QVQLQESGPGLVKPSDTLSLTCAVSGYSISSSNWWGWIRQPPGKGLEWIGYIYYSGSTNYNPSLKSRVTMSVDTSKNQFSLKLSSVTALDTAVYYCAR
KC713936|IGHV4-28*07|Homo	QVQLQESGPGLVKPSDTLSLTCAVSGYSISSSNWWGWIRQPPGKGLEWIGYIYYSGSTYYNPSLKSRVTMSVDTSKNQFSLKLSSVTAVDTAVYYCAR
L10089|IGHV4-30-2*01|Homo	QLQLQESGSGLVKPSQTLSLTCAVSGGSISSGGYSWSWIRQPPGKGLEWIGYIYHSGSTYYNPSLKSRVTISVDRSKNQFSLKLSSVTAADTAVYYCAR
M95122|IGHV4-30-2*02|Homo	QLQLQESGSGLVKPSQTLSLTCAVSGGSISSGGYSWSWIRQPPGKGLEWIGYIYHSGSTYYNPSLKSRVTISVDRSKNQFSLKLSSVTAADTAVYYCA
X92229|IGHV4-30-2*03|Homo	QLQLQESGSGLVKPSQTLSLTCAVSGGSISSGGYSWSWIRQPPGKGLEWIGSIYYSGSTYYNPSLKSRVTISVDTSKNQFSLKLSSVTAADTAVYYCAR
Z75351|IGHV4-30-2*04|Homo	SGGSISSGGYSWSWIRQPPGKGLEWIGYIYHSGSTYYNPSLKSRVTISVDTSKNQFSLKLSSVTAADTAVYYCAR
HM855593|IGHV4-30-2*05|Homo	QLQLQESGSGLVKPSQTLSLTCAVSGGSISSGGYSWSWIRQPPGKGLEWIGYIYHSGSTYYNPSLKSRVTISVDTSKNQFSLKLSSVTAADTAVYYCAR
KC713944|IGHV4-30-2*06|Homo	QLQLQESGSGLVKPSQTLSLTCAVSGGSISSGGYSWSWIRQSPGKGLEWIGYIYHSGSTYYNPSLKSRVTISVDRSKNQFSLKLSSVTAADTAVYYCAR
Z14238|IGHV4-30-4*01|Homo	QVQLQESGPGLVKPSQTLSLTCTVSGGSISSGDYYWSWIRQPPGKGLEWIGYIYYSGSTYYNPSLKSRVTISVDTSKNQFSLKLSSVTAADTAVYYCAR
Z14239|IGHV4-30-4*02|Homo	QVQLQESGPGLVKPSDTLSLTCTVSGGSISSGDYYWSWIRQPPGKGLEWIGYIYYSGSTYYNPSLKSRVTISVDTSKNQFSLKLSSVTAADTAVYYCAR
X92274|IGHV4-30-4*03|Homo	QVQLQESGPGLVKPSQTLSLTCTVSGGSISSGDYYWSWIRQPPGKGLEWIGYIYYSGSTYYNPSLKSRVTISVDTSKNQFSLKLSSVTAADTAVYY
X92275|IGHV4-30-4*04|Homo	QVQLQDSGPGLVKPSQTLSLTCTVSGGSISSGDYYWSWIRQPPGKGLEWIGYFYYSGSTYYNPSLKSRVTISVDTSKNQFSLKLSSVTAADTAVYY
Z75353|IGHV4-30-4*05|Homo	SGGSISSGDYYWSWIRQXPGKGLEWIGYIYYSGSTYYNPSLKSRVTISVDTSKNQFSLKLSSVTAADTAVYYCAR
Z75360|IGHV4-30-4*06|Homo	SGGSISSGDYYWSWIRQHPGKGLEWIGYIYYSGSTYYNPSLKSRVTISVDTSKNQFSLKLSSVTAADTAVYYCAR
KC713946|IGHV4-30-4*07|Homo	QVQLQESGPGLVKPSQTLSLTCAVSGGSISSGGYSWSWIRQPPGKGLEWIGYIYYSGSTYYNPSLKSRVTISVDTSKNQFSLKLSSVTAADTAVYYCAR
MH779624|IGHV4-30-4*08|Homo	QVQLQESGPGLVKPSQTLSLTCTVSGGSISSGDYYWSWIRQPPGKGLEWIGYIYYSGSTYYNPSLKSRVTISVDTSKNQFSLKLSSVTAADTAVYYCAR
L10098|IGHV4-31*01|Homo	QVQLQESGPGLVKPSQTLSLTCTVSGGSISSGGYYWSWIRQHPGKGLEWIGYIYYSGSTYYNPSLKSLVTISVDTSKNQFSLKLSSVTAADTAVYYCAR
M99683|IGHV4-31*02|Homo	QVQLQESGPGLVKPSQTLSLTCTVSGGSISSGGYYWSWIRQHPGKGLEWIGYIYYSGSTYYNPSLKSRVTISVDTSKNQFSLKLSSVTAADTAVYYCAR
Z14237|IGHV4-31*03|Homo	QVQLQESGPGLVKPSQTLSLTCTVSGGSISSGGYYWSWIRQHPGKGLEWIGYIYYSGSTYYNPSLKSRVTISVDTSKNQFSLKLSSVTAADTAVYYCAR
M95120|IGHV4-31*04|Homo	QVRLQESGPGLVKPSQTLSLTCTVSGGSISSGGYYWSWIRQHPGKGLEWIGYIYYSGSTYYNPSLKSRVTISVDTSKNQFSLKLSSVTAADTAVYYCA
M95121|IGHV4-31*05|Homo	QVQLQESGPGLVKPSQTLSLTCTVSGGSISSGGYYWSWIRQHPGKGLEWIGYIYYSGSTYYNPSLKSRVTISVDTSKNQFSLKLSSVTADAAVYYCA
X92270|IGHV4-31*06|Homo	QVQLQESGPGLVKPSQTLSLTCTVSGGSISSGSYYWSWIRQHPGKGLEWIGYIYYSGSTYYNPSLKSRVTISVDTSKNQFSLKLSSVTAADTAVYY
X92271|IGHV4-31*07|Homo	QVQLQESGPGLVKPSQTLSLTCTVSGGSISSGGYYWSWIRQHPGKGLEWIGYIYYSGSTYYNPSLKSRVTISVDTSKNQFSLKLSSVTAADTAVYY
X92272|IGHV4-31*08|Homo	QVQLQESGPGLVKPSQTLSLTCTVSGGSISSGGYYWSWIRQHPGKGLEWIGYIYYSGSTYYNPSLKSRVTISVDTSKNQFSLKLSSVTAADTAVYY
X92273|IGHV4-31*09|Homo	QVQLQESGPGLVKPSQTLSLTCTVSGGSISSGGYYWSWIRQHPGKGLEWIGYIYYSGSTYYNPSLKSRVTISVDKSKNQFSLKLSSVTAADTAVYY
Z14235|IGHV4-31*10|Homo	QVQLQESGPGLLKPSQTLSLTCTVSGGSISSGGYYWSWIRQHPGKGLEWIGCIYYSGSTYYNPSLKSRVTISVDPSKNQFSLKPSSVTAADTAVDYCAR
MK321691|IGHV4-31*11|Homo	QVQLQESGPGLVKPSQTLSLTCAVSGGSISSGGYYWSWIRQHPGKGLEWIGYIYYSGSTYYNPSLKSRVTISVDTSKNQFSLKLSSVTAADTAVYYCAR
AB019439|IGHV4-34*01|Homo	QVQLQQWGAGLLKPSETLSLTCAVYGGSFSGYYWSWIRQPPGKGLEWIGEINHSGSTNYNPSLKSRVTISVDTSKNQFSLKLSSVTAADTAVYYCAR
M99684|IGHV4-34*02|Homo	QVQLQQWGAGLLKPSETLSLTCAVYGGSFSGYYWSWIRQPPGKGLEWIGEINHSGSTNYNPSLKSRVTISVDTSKNQFSLKLSSVTAADTAVYYCAR
X92255|IGHV4-34*03|Homo	QVQLQQWGAGLLKPSETLSLTCAVYGGSFSGYYWSWIRQPPGKGLEWIGEINHSGSTNYNPSLKSRVTISVDTSKNQFSLKLSSVTAADTAVYY
X92236|IGHV4-34*04|Homo	QVQLQQWGAGLLKPSETLSLTCAVYGGSFSGYYWSWIRQPPGKGLEWIGEINHSGSTNNNPSLKSRATISVDTSKNQFSLKLSSVTAADTAVYYCAR
X92237|IGHV4-34*05|Homo	QVQLQQWGAGLLKPSETLSLTCAVYGGSFSGYYWCWIRQPLGKGLEWIGEINHSGSTNNNPSLKSRATISVDTSKNQFSLKLSSVTAADTAVYYCAR
X92256|IGHV4-34*06|Homo	QVQLQQWGAGLLKPSETLSLTCAVYGGSFSGYYWSWIRQPPGKGLEWIGEINHSGSTNYNPSLKSRVTISVDTSKNQFSLKLGSVTAADTAVYY
X92258|IGHV4-34*07|Homo	QVQLQQWGAGLLKPSETLSLTCAVYGGSFSGYYWSWIRQPPGKGLEWIGEINHSGSTNYNPSLKSRVTISVDTSKNQFSLKLSSVTAADTAVYY
M95113|IGHV4-34*08|Homo	QVQLQQWGAGLLKPSETLSLTCAVYGGTFSGYYWSWIRQPPGKGLEWIGEINHSGSTNYNPSLKSRVTISVDTSKNQFSLKLSSVTAADTAVYYCA
Z14241|IGHV4-34*09|Homo	QVQLQESGPGLVKPSQTLSLTCAVYGGSFSGYYWSWIRQPPGKGLEWIGEINHSGSTNYNPSLKSRVTISVDTSKNQFSLKLSSVTAADTAVYYCAR
Z14242|IGHV4-34*10|Homo	QVQLQESGPGLVKPSETLSLTCAVYGGSFSGYYWSWIRQPPGKGLEWIGEINHSGSTNYNPSLKSRITMSVDTSKNQFYLKLSSVTAADTAVYYCAR
X05716|IGHV4-34*11|Homo	QVQLQQWGAGLLKPSETLSLTCAVYGGSVSGYYWSWIRQPPGKGLEWIGYIYYSGSTNNNPSLKSRATISVDTSKNQFSLNLSSVTAADTAVYCCAR
X56591|IGHV4-34*12|Homo	QVQLQQWGAGLLKPSETLSLTCAVYGGSFSGYYWSWIRQPPGKGLEWIGEIIHSGSTNYNPSLKSRVTISVDTSKNQFSLKLSSVTAADTAVYYCAR
Z75356|IGHV4-34*13|Homo	YGGSFSGYYWSWIRQPPGKGLEWIGEINHSGSTNYNPSLKSRVTISVDTSKNQFSLKLSSVTAADTAVYYCAR
Z12367|IGHV4-38-2*01|Homo	QVQLQESGPGLVKPSETLSLTCAVSGYSISSGYYWGWIRQPPGKGLEWIGSIYHSGSTYYNPSLKSRVTISVDTSKNQFSLKLSSVTAADTAVYYCAR
AC233755|IGHV4-38-2*02|Homo	QVQLQESGPGLVKPSETLSLTCTVSGYSISSGYYWGWIRQPPGKGLEWIGSIYHSGSTYYNPSLKSRVTISVDTSKNQFSLKLSSVTAADTAVYYCAR
AB019439|IGHV4-39*01|Homo	QLQLQESGPGLVKPSETLSLTCTVSGGSISSSSYYWGWIRQPPGKGLEWIGSIYYSGSTYYNPSLKSRVTISVDTSKNQFSLKLSSVTAADTAVYYCAR
X05715|IGHV4-39*02|Homo	QLQLQESGPGLVKPSETLSLTCTVSGGSISSSSYYWGWIRQPPGKGLEWIGSIYYSGSTYYNPSLKSRVTISVDTSKNHFSLKLSSVTAADTAVYYCAR
X92259|IGHV4-39*03|Homo	QLQLQESGPGLVKPSETLSLTCTVSGGSISSSSYYWGWIRQPPGKGLEWIGSIYYSGSTYYNPSLKSRVTISVDTSKNQFSLKLSSVTAADTAVYY
X92297|IGHV4-39*04|Homo	LHQXX**LLLGLDPPAPREGAGVDWEYLL*XXEHLLQPVPQXXSSHHIRRHVQEPVLPEAELCDRRGH
M95116|IGHV4-39*05|Homo	QLQLQESGPGLVKPSETPSLTCTVSGGSISSSSYYWGWIRQPPGKGLEWIGSIYYSGSTYYNPSLKSRVTISVDTSKNQFSLKLSSVTAADTAVYYCA
Z14236|IGHV4-39*06|Homo	RLQLQESGPGLVKPSETLSLTCTVSGGSISSSSYYWGWIRQPPGKGLEWIGSIYYSGSTYYNPSLKSRVTISVDTSKNQFPLKLSSVTAADTAVYYCAR
AM940222|IGHV4-39*07|Homo	QLQLQESGPGLVKPSETLSLTCTVSGGSISSSSYYWGWIRQPPGKGLEWIGSIYYSGSTYYNPSLKSRVTISVDTSKNQFSLKLSSVTAADTAVYYCAR
X05713|IGHV4-4*01|Homo	QVQLQESGPGLVKPPGTLSLTCAVSGGSISSSNWWSWVRQPPGKGLEWIGEIYHSGSTNYNPSLKSRVTISVDKSKNQFSLKLSSVTAADTAVYCCAR
X92232|IGHV4-4*02|Homo	QVQLQESGPGLVKPSGTLSLTCAVSGGSISSSNWWSWVRQPPGKGLEWIGEIYHSGSTNYNPSLKSRVTISVDKSKNQFSLKLSSVTAADTAVYYCAR
MH779623|IGHV4-4*03|Homo	QVQLQESGPGLVKPPGTLSLTCAVSGGSISSSNWWSWVRQPPGKGLEWIGEIYHSGSTNYNPSLKSRVTISVDKSKNQFSLKLSSVTAADTAVYYCAR
X92253|IGHV4-4*04|Homo	QVQLQESGPGLVKPPGTLSLTCAISGGSISSSNWWSWVRQPPGKGLEWIGEIYHSGSTNYNPSLKSRVTISVDKSKNQFSLKLSSVTAADTAVYY
X92254|IGHV4-4*05|Homo	QVQLQELGPGLVKPPGTLSLTCAVSGGSISSSNWWSWVRQPPGKGLEWIGEIYHSGSTNYNPSLKSRVTISVDKSKNQFSLKLSSVTAADTAVYY
Z75355|IGHV4-4*06|Homo	SGGSISSSNWWSWVRQPPGXXLEWIGEIYHSGSTNYNPSLKSRVTMSVDTSKNQFSLKLSSVTAADTAVYYCAR
X62112|IGHV4-4*07|Homo	QVQLQESGPGLVKPSETLSLTCTVSGGSISSYYWSWIRQPAGKGLEWIGRIYTSGSTNYNPSLKSRVTMSVDTSKNQFSLKLSSVTAADTAVYYCAR
KC713942|IGHV4-4*08|Homo	QVQLQESGPGLVKPSETLSLTCTVSGGSISSYYWSWIRQPPGKGLEWIGYIYTSGSTNYNPSLKSRVTISVDTSKNQFSLKLSSVTAADTAVYYCAR
MK471384|IGHV4-4*09|Homo	QVQLQESGPGLVKPSETLSLTCTVSGGSISSYYWSWIRQPPGKGLEWIGYIYTSGSTNYNPSLKSRVTISVDTSKNQFSLKLSSVTAADTAVYYCAR
M99685|IGHV4-55*01|Homo	QVQLQESGPGLVKPSETLSLICAVSGDSISSGNW*IWVRQPPGKGLEWIGEIHHSGSTYYNPSLKSRITMSVDTSKNQFYLKLSSVTAADTAVYYCAR
X92223|IGHV4-55*02|Homo	QVQLQESGPGLVKPSETLSLICAVSGDSISSGNW*IWVRQPPGKGLEWIGEIHHSGSTYYNPSLKSRITMSVDTSKNQFYLKLSSVTAADTAVYYCAR
X92263|IGHV4-55*03|Homo	QVQLQESGPGLVKPSETLSLICAVSGDSISSGNW*IWVRQPPGKGLEWIGEIHHSGSTYYNPSLKSRITMSVDTSKNQFSLKLSSVTAADTAVYY
X92265|IGHV4-55*04|Homo	QVQLQESGPGLVKLSETLSLICAVSGDSISSGNW*IWVRQPPGKGLEWIGEIHHSGSTYYNPSLKSRITMSVDTSKNQFYLKLSSVTAADTAVYY
X92266|IGHV4-55*05|Homo	QVQLQESGPGLVKLSETLSLICAVSGDSISSGNW*IWVRQPPGKGLEWIGEIHHSGSTYYNPSLKSRITMSVDTSKNQFYLKLSSVTAADTAVYY
X92267|IGHV4-55*06|Homo	QVQLQESGPGLVKPSETLSLICAVSGDSISSGNW*IWVRQPPGKGLEWIGEIHHSGSTYYNPSLKSRITMSVDTSKKQFYLKLSSVTAADTAVYY
X92268|IGHV4-55*07|Homo	QVQLQESGPGLVKPSETLSLICAVSGDSISSGNW*IWVRQPPGKGLEWIGEIHHSGSTYYNPSLKSRITMSVDTSRNQFSLKLSSVTAADTAVYY
X92234|IGHV4-55*08|Homo	QVQLQESGPGLVKPSETLSLICAVSGDSISSGNW*IWVRQPPGKGLEWIGEIHHSGSTYYNPSLKSRITMSVDTSKNQFYLKLSSVTAADTAVYYCAR
X92235|IGHV4-55*09|Homo	QVQLQESGPGLVKPSETLSLICAVSGDSISSGNW*IWVRQPPGKGLEWIGEIHHSGSTYYNPSLKSRITMSVDTSKNQFSLKLSSVTAVDTAVYYCAR
AB019438|IGHV4-59*01|Homo	QVQLQESGPGLVKPSETLSLTCTVSGGSISSYYWSWIRQPPGKGLEWIGYIYYSGSTNYNPSLKSRVTISVDTSKNQFSLKLSSVTAADTAVYYCAR
M29812|IGHV4-59*02|Homo	QVQLQESGPGLVKPSETLSLTCTVSGGSVSSYYWSWIRQPPGKGLEWIGYIYYSGSTNYNPSLKSRVTISVDTSKNQFSLKLSSVTAADTAVYYCAR
M95114|IGHV4-59*03|Homo	QVQLQESGPGLVKPSETLSLTCTVSGGSISSYYWSWIRQPPGKGLEWIGYIYYSGSTNYNPSLKSRVTISVDTSKNQFSLKLSSVTAADTAVYYCA
M95117|IGHV4-59*04|Homo	QVQLQESGPGLVKPSETLSLTCTVSGGSISSYYWSWIRQPPGKGLEWIGYIYYSGSTYYNPSLKSRVTMSVDTSKNQFSLKLSSVTAADTAVYYCA
M95118|IGHV4-59*05|Homo	QVQLQESGPGLVKPSETLSLTCTVSGGSISSYYWSWIRQPPGKGLEWIGRIYYSGSTYYNPSLKSRVTISVDTSKNQFSLKLSSVTAADTAVYYCA
M95119|IGHV4-59*06|Homo	QVQLQESGPGLVKPSETLSLTCTVTGGSISSYYWSWIRQPAGKGLEWIGYIYYSGSTYYNPSLKSRVTISVDTSKNQFSLKLSSVTAADTAVYYCA
X56360|IGHV4-59*07|Homo	QVQLQESGPGLVKPSDTLSLTCTVSGGSISSYYWSWIRQPPGKGLEWIGYIYYSGSTNYNPSLKSRVTISVDTSKNQFSLKLSSVTAADTAVYYCAR
HM855471|IGHV4-59*08|Homo	QVQLQESGPGLVKPSETLSLTCTVSGGSISSYYWSWIRQPPGKGLEWIGYIYYSGSTNYNPSLKSRVTISVDTSKNQFSLKLSSVTAADTAVYYCAR
Z75359|IGHV4-59*09|Homo	SGGSISSYYWSWIRQPPGXXLEWIGYIYYSGSTNYNPSLKSRVTISVDTSKNQFSLKLSSVTAADTAVYYCAR
Z14243|IGHV4-59*10|Homo	QVQLQQWGAGLLKPSETLSLTCAVYGGSISSYYWSWIRQPAGKGLEWIGRIYTSGSTNYNPSLKSRVTMSVDTSKNQFSLKLSSVTAADTAVYYCAR
MK540647|IGHV4-59*11|Homo	QVQLQESGPGLVKPSETLSLTCTVSGGSISSHYWSWIRQPPGKGLEWIGYIYYSGSTNYNPSLKSRVTISVDTSKNQFSLKLSSVTAADTAVYYCAR
MK321692|IGHV4-59*12|Homo	QVQLQESGPGLVKPSETLSLTCTVSGGSISSYYWSWIRQPPGKGLEWIGYIYYSGSTNYNPSLKSRVTISVDTSKNQFSLKLSSVTAADTAVYYCAR
IMGT000058|IGHV4-59*13|Homo	QVQLQESGPGLVKPSETLSLTCTVSGGSISSYYWSWIRQPPGKGLEWIGYIYYSGSTNYNPSLKSRVTISVDTSKNQFSLKLSSVTAADTAVYYCAR
M29811|IGHV4-61*01|Homo	QVQLQESGPGLVKPSETLSLTCTVSGGSVSSGSYYWSWIRQPPGKGLEWIGYIYYSGSTNYNPSLKSRVTISVDTSKNQFSLKLSSVTAADTAVYYCAR
L10097|IGHV4-61*02|Homo	QVQLQESGPGLVKPSQTLSLTCTVSGGSISSGSYYWSWIRQPAGKGLEWIGRIYTSGSTNYNPSLKSRVTISVDTSKNQFSLKLSSVTAADTAVYYCAR
X92230|IGHV4-61*03|Homo	QVQLQESGPGLVKPSETLSLTCTVSGGSVSSGSYYWSWIRQPPGKGLEWIGYIYYSGSTNYNPSLKSRVTISVDTSKNHFSLKLSSVTAADTAVYYCAR
X92250|IGHV4-61*04|Homo	QVQLQESGPGLVKPSETLSLTCTVSGGSVSSGSYYWSWIRQPPGKGLEWIGYIYYSGSTNYNPSLKSRVTISVDTSKNQFSLKLSSVTADTAVYY
X56356|IGHV4-61*05|Homo	QLQLQESGPGLVKPSETLSLTCTVSGGSISSSSYYWGWIRQPPGKGLEWIGYIYYSGSTNYNPSLKSRVTISVDKSKNQFSLKLSSVTAADTAVYYCAR
Z75347|IGHV4-61*06|Homo	SGGSVSSGSYYWSWIRQPPGKGLEWIGYIYYSGSTNYNPSLKSRVTISVDTSKNQFSLKLSSVTAADTAVYYCAR
Z75348|IGHV4-61*07|Homo	SGGSVSSGSYYWSWIRQPPGKGLEWIGYIYYSGSTNYNPSLKSRVTISVDTSKNQFSLKLSSVTAADTAVYYCAR
AB019437|IGHV4-61*08|Homo	QVQLQESGPGLVKPSETLSLTCTVSGGSVSSGGYYWSWIRQPPGKGLEWIGYIYYSGSTNYNPSLKSRVTISVDTSKNQFSLKLSSVTAADTAVYYCAR
MK540647|IGHV4-61*09|Homo	QVQLQESGPGLVKPSQTLSLTCTVSGGSISSGSYYWSWIRQPAGKGLEWIGHIYTSGSTNYNPSLKSRVTISVDTSKNQFSLKLSSVTAADTAVYYCAR
MK471386|IGHV4-61*10|Homo	QVQLQESGPGLVKPSETLSLTCTVSGGSVSSGSYYWSWIRQPAGKGLEWIGYIYYSGSTNYNPSLKSRVTISVDTSKNQFSLKLSSVTAADTAVYYCAR
HM855539|IGHV4/OR15-8*01|Homo	QVQLQESGPGLVKPSETLSLTCVVSGGSISSSNWWSWVRQPPGKGLEWIGEIYHSGSPNYNPSLKSRVTISVDKSKNQFSLKLSSVTAADTAVYYCAR
X05712|IGHV4/OR15-8*02|Homo	QVQLQESGPGLVKPSETLSLTCVVSGGSISSSNWWSWVRQPPGKGLEWIGEIYHSGNPNYNPSLKSRVTISIDKSKNQFSLKLSSVTAADTAVYYCAR
HM855418|IGHV4/OR15-8*03|Homo	QVQLQESGPGLVKPSETLSLTCVVSGGSISSSNWWSWVRQPPGKGLEWIGEIYHSGSPNYNPSLKSRVTISVDKSKNQFSLKLSSVTAADTAVYYCAR
X92227|IGHV5-10-1*01|Homo	EVQLVQSGAEVKKPGESLRISCKGSGYSFTSYWISWVRQMPGKGLEWMGRIDPSDSYTNYSPSFQGHVTISADKSISTAYLQWSSLKASDTAMYYCAR
X92279|IGHV5-10-1*02|Homo	EVQLVQSGAEVKKPGESLRISCKGSGYSFTSYWISWVRQMPGKGLEWMGRIDPSDSYTNYSPSFQGHVTISADKSISTAYLQWSSLKASDTAMYYCAR
X56375|IGHV5-10-1*03|Homo	EVQLVQSGAEVKKPGESLRISCKGSGYSFTSYWISWVRQMPGKGLEWMGRIDPSDSYTNYSPSFQGHVTISADKSISTAYLQWSSLKASDTAMYYCAR
X56376|IGHV5-10-1*04|Homo	EVQLVQSGAEVKKPGESLRISCKGSGYSFTSYWISWVRQMPGKGLEWMGRIDPSDSYTNYSPSFQGQVTISADKSISTAYLQWSSLKASDTAMYYCAR
M99686|IGHV5-51*01|Homo	EVQLVQSGAEVKKPGESLKISCKGSGYSFTSYWIGWVRQMPGKGLEWMGIIYPGDSDTRYSPSFQGQVTISADKSISTAYLQWSSLKASDTAMYYCAR
M18806|IGHV5-51*02|Homo	EVQLVQSGAEVKKPGESLKISCKGSGYSFTSYWTGWVRQMPGKGLEWMGIIYPGDSDTRYSPSFQGQVTISADKSISTAYLQWSSLKASDTAMYYCAR
X56368|IGHV5-51*03|Homo	EVQLVQSGAEVKKPGESLKISCKGSGYSFTSYWIGWVRQMPGKGLEWMGIIYPGDSDTRYSPSFQGQVTISADKSISTAYLQWSSLKASDTAMYYCAR
X56367|IGHV5-51*04|Homo	EVQLVQSGAEVKKPGESLKISCKGSGYSFTSYWIGWVRQMPGKGLEWMGIIYPGDSDTRYSPSFQGQVTISADKPISTAYLQWSSLKASDTAMYYCAR
Z27449|IGHV5-51*05|Homo	KPGESLKISCKGSGYSFTSYWIGWVRQMPRKGLEWMGIIYPGDSDTRYSPSFQGQVTISADKSISTAYLQWSSLKASDTAM
MK321694|IGHV5-51*06|Homo	EVQLVQSGAEVKKPGESLKISCKGSGYSFTSYWIGWVRQMPGKGLEWMGIIYPGDSDTRYSPSFQGQVTISADKSISTAYLQWSSLKASDTAMYYCAR
IMGT000055|IGHV5-51*07|Homo	EVQLVQSGAEVKKPGESLKISCKGSGYSFTSYWIGWVHQMPGKGLEWMGIIYPGDSDTRYSPSFQGQVTISADKSISTAYLQWSSLKASDTAMYYCAR
X92213|IGHV5-78*01|Homo	EVQLLQSAAEVKRPGESLRISCKTSGYSFTSYWIHWVRQMPGKELEWMGSIYPGNSDTRYSPSFQGHVTISADSSSSTAYLQWSSLKASDAAMYYCVR
J04097|IGHV6-1*01|Homo	QVQLQQSGPGLVKPSQTLSLTCAISGDSVSSNSAAWNWIRQSPSRGLEWLGRTYYRSKWYNDYAVSVKSRITINPDTSKNQFSLQLNSVTPEDTAVYYCAR
Z14223|IGHV6-1*02|Homo	QVQLQQSGPGLVKPSQTLSLTCAISGDSVSSNSAAWNWIRQSPSRGLEWLGRTYYRSKWYNDYAVSVKSRITINPDTSKNQFSLQLNSVTPEDTAVYYCAR
IMGT000054|IGHV6-1*03|Homo	QVQLQQSGPGLVKPSQTLSLTCAISGDSVSSNSAAWNWIRQSPSRGLEWLGRTYYRSKWYNDYAVSVKS*ITINPDTSKNQFSLQLNSVTPEDTAVYYCAR
AB019439|IGHV7-34-1*01|Homo	LQLVQSGPEVKKPGASVKVSYKSSGYTFTIYGMNWV**TPGQGFEWM*WIITYTGNPTYTHGFTGWFVFSMDTSVSTACLQISSLKAEDTAEYYCAK
HM855644|IGHV7-34-1*02|Homo	LQLVQSGPEVKKPGASVKVSYKSSGYTFTIYGMNWV**TPGQGFEWM*WIITYNGNPTYTHGFTGWFVFSMDTSVSTACLQISSLKAEDTAEYYCAK
IMGT000056|IGHV7-34-1*03|Homo	LQLVQSGPEVKKRGASVKVSYKSSGYTFTIYGMNWV**TPGQGFEWM*WIITYTGNPTYTHGFTGWFVFSMDTSVSTACLQISSLKAEDTAEYYCAK
IMGT000035|IGHV7-4-1*01|Homo	QVQLVQSGSELKKPGASVKVSCKASGYTFTSYAMNWVRQAPGQGLEWMGWINTNTGNPTYAQGFTGRFVFSLDTSVSTAYLQICSLKAEDTAVYYCAR
X62110|IGHV7-4-1*02|Homo	QVQLVQSGSELKKPGASVKVSCKASGYTFTSYAMNWVRQAPGQGLEWMGWINTNTGNPTYAQGFTGRFVFSLDTSVSTAYLQISSLKAEDTAVYYCAR
X92290|IGHV7-4-1*03|Homo	QVQLVQSGSELKKPGASVKVSCKASGYTFTSYAMNWVRQAPGQGLEWMGWINTNTGNPTYAQGFTGRFVFSLDTSVSTAYLQISTLKAEDT
HM855485|IGHV7-4-1*04|Homo	QVQLVQSGSELKKPGASVKVSCKASGYTFTSYAMNWVRQAPGQGLEWMGWINTNTGNPTYAQGFTGRFVFSLDTSVSMAYLQISSLKAEDTAVYYCAR
HM855361|IGHV7-4-1*05|Homo	QVQLVQSGSELKKPGASVKVSCKASGYTFTSYAMNWVRQAPGQGLEWMGWINTNTGNPTYAQGFTGRFVFSLDTSVSMAYLQISSLKAEDTAVCYCAR
AC241995|IGHV7-40*03|Homo	FSIEKSNNLSVNQWMIR*NMIYVNHGILCSQYGMNSV*PAPGQGLEWMGWIITYTGNPTYTNGFTGRFLFSMDTSVSMAYLQISSLKAEDTAVYDCMR
AB019437|IGHV7-81*01|Homo	QVQLVQSGHEVKQPGASVKVSCKASGYSFTTYGMNWVPQAPGQGLEWMGWFNTYTGNPTYAQGFTGRFVFSMDTSASTAYLQISSLKAEDMAMYYCAR
AB019438|IGHV8-51-1*01|Homo	EAQLTESGGDLVH*EGPLRLSCAASWFTFSIYEIHWVCQASGKGLEWVAVIWRSESHQYNADYVRGRLTTSRDNTKYMLYMQMNSLRTQNMAAFNCAG
IMGT000035|IGHV8-51-1*02|Homo	EAQLTESGGDLVHLEGPLRLSCAASWFTFSIYEIHWVCQASGKGLEWVAVIWRGESHQYNADYVRGRLTTSRDNTKYMLYMQMISLRTQNMAAFNCAG
IMGT000055|IGHV8-51-1*03|Homo	EAQLTESGGDLVH*EGPLRLSCAASWFTFSIYEIHWVCQASGKGLEWVAVIWRGESHQYNADYVRGRLTTSRDNTKYMLYMQMNSLRTQNMAAFNCAG
J00242|IGKJ1*01|Homo	WTFGQGTKVEIK
J00242|IGKJ2*01|Homo	YTFGQGTKLEIK
Z70260|IGKJ2*02|Homo	CTFGQGTKLEIK
U95246|IGKJ2*03|Homo	YSFGQGTKLEIK
Z46620|IGKJ2*04|Homo	CSFGQGTKLEIK
J00242|IGKJ3*01|Homo	FTFGPGTKVDIK
J00242|IGKJ4*01|Homo	LTFGGGTKVEIK
AF103571|IGKJ4*02|Homo	LTFGGGTKVEIK
J00242|IGKJ5*01|Homo	ITFGQGTRLEIK
V01577|IGKV1-12*01|Homo	DIQMTQSPSSVSASVGDRVTITCRASQGISSWLAWYQQKPGKAPKLLIYAASSLQSGVPSRFSGSGSGTDFTLTISSLQPEDFATYYCQQANSFP
V01576|IGKV1-12*02|Homo	DIQMTQSPSSVSASVGDRVTITCRASQGISSWLAWYQQKPGKAPKLLIYAASSLQSGVPSRFSGSGSGTDFTLTISSLQPEDFATYYCQQANSFP
Z00010|IGKV1-13*01|Homo	AIQLTQSPSSLSASVGDRVTITCRASQGISSALA*YQQKPGKAPKLLIYDASSLESGVPSRFSGSGSGTDFTLTISSLQPEDFATYYCQQFNNYP
Z00006|IGKV1-13*02|Homo	AIQLTQSPSSLSASVGDRVTITCRASQGISSALAWYQQKPGKAPKLLIYDASSLESGVPSRFSGSGSGTDFTLTISSLQPEDFATYYCQQFNSYP
J00248|IGKV1-16*01|Homo	DIQMTQSPSSLSASVGDRVTITCRASQGISNYLAWFQQKPGKAPKSLIYAASSLQSGVPSRFSGSGSGTDFTLTISSLQPEDFATYYCQQYNSYP
FM164406|IGKV1-16*02|Homo	DIQMTQSPSSLSASVGDRVTITCRASQGISNYLAWFQQKPGKAPKSLIYAASSLQSGVPSKFSGSGSGTDFTLTISSLQPEDFATYYCQQYNSYP
X72808|IGKV1-17*01|Homo	DIQMTQSPSSLSASVGDRVTITCRASQGIRNDLGWYQQKPGKAPKRLIYAASSLQSGVPSRFSGSGSGTEFTLTISSLQPEDFATYYCLQHNSYP
D88255|IGKV1-17*02|Homo	DIQMTQSPSSLSASVGDRVTITCRASQGIRNDLGWYQQKPGKAPKRLIYAASSLQSGVPSRFSGSGSGTEFTLTISNLQPEDFATYYCLQHNSYP
KM455566|IGKV1-17*03|Homo	DIQMTQSPSAMSASVGDRVTITCRASQGISNYLAWFQQKPGKVPKRLIYAASSLQSGVPSRFSGSGSGTEFTLTISSLQPEDFATYYCLQHNSYP
X63398|IGKV1-27*01|Homo	DIQMTQSPSSLSASVGDRVTITCRASQGISNYLAWYQQKPGKVPKLLIYAASTLQSGVPSRFSGSGSGTDFTLTISSLQPEDVATYYCQKYNSAP
M64856|IGKV1-33*01|Homo	DIQMTQSPSSLSASVGDRVTITCQASQDISNYLNWYQQKPGKAPKLLIYDASNLETGVPSRFSGSGSGTDFTFTISSLQPEDIATYYCQQYDNLP
X59316|IGKV1-37*01|Homo	DIQLTQSPSSLSASVGDRVTITCRVSQGISSYLNWYRQKPGKVPKLLIYSASNLQSGVPSRFSGSGSGTDFTLTISSLQPEDVATYYGQRTYNAP
X59315|IGKV1-39*01|Homo	DIQMTQSPSSLSASVGDRVTITCRASQSISSYLNWYQQKPGKAPKLLIYAASSLQSGVPSRFSGSGSGTDFTLTISSLQPEDFATYYCQQSYSTP
X59318|IGKV1-39*02|Homo	DIQMTQSPSFLSASVGDRVTITCRASQSISSYLNWYQQKPGKAPKLLIYAASSLQSGVPSRFSGSGSGTDFTLTISSLQPEDFATYYCQCGYSTP
Z00001|IGKV1-5*01|Homo	DIQMTQSPSTLSASVGDRVTITCRASQSISSWLAWYQQKPGKAPKLLIYDASSLESGVPSRFSGSGSGTEFTLTISSLQPDDFATYYCQQYNSYS
M23851|IGKV1-5*02|Homo	DIQMTQSPSTLSASVGDRVTIICRASQSISSWLAWYQQKPGKAPKLLIYDASSLESGVPSRFSGSGSGTEFTLTISSLQPDDFATYYCQQYNSYS
X72813|IGKV1-5*03|Homo	DIQMTQSPSTLSASVGDRVTITCRASQSISSWLAWYQQKPGKAPKLLIYKASSLESGVPSRFSGSGSGTEFTLTISSLQPDDFATYYCQQYNSYS
M64858|IGKV1-6*01|Homo	AIQMTQSPSSLSASVGDRVTITCRASQGIRNDLGWYQQKPGKAPKLLIYAASSLQSGVPSRFSGSGSGTDFTLTISSLQPEDFATYYCLQDYNYP
KM455558|IGKV1-6*02|Homo	AIQMTQSPSSLSASVGDRVTITCRASQGIRNDLGWYQQKPGKAPKLLIYAASSLQSGVPSRFSGSGSGTDFTLTISSLQPEDFATYYCLQDYNYP
Z00014|IGKV1-8*01|Homo	AIRMTQSPSSFSASTGDRVTITCRASQGISSYLAWYQQKPGKAPKLLIYAASTLQSGVPSRFSGSGSGTDFTLTISCLQSEDFATYYCQQYYSYP
Z00013|IGKV1-9*01|Homo	DIQLTQSPSFLSASVGDRVTITCRASQGISSYLAWYQQKPGKAPKLLIYAASTLQSGVPSRFSGSGSGTEFTLTISSLQPEDFATYYCQQLNSYP
Y14865|IGKV1-NL1*01|Homo	DIQMTQSPSSLSASVGDRVTITCRASQGISNSLAWYQQKPGKAPKLLLYAASRLESGVPSRFSGSGSGTDYTLTISSLQPEDFATYYCQQYYSTP
X64640|IGKV1/OR-2*01|Homo	DIQMTQSPSSLSASVGGRVTITCRASQGISNNLNWYQQKPRKTPKLLIYAASSLQSGIPSRFSDSGSGTDYTLTISSLQPEDFATYYCQQSDSNP
X64641|IGKV1/OR-3*01|Homo	DIQMTQSPSSLSASVGGRVTITCRASQGISNNLNWYQQKPGKTPKLLIYAASSLQSGIPSRFSDSGSGTDYTLTISSLQPEDFAAYYCQQSDSTP
X64642|IGKV1/OR-4*01|Homo	DIQMTQSPSSLSASVGDRVTITCRASQGISNNLNWYQQKPGKTPKFLIYAASSLQSGIPSRFSDSGSGTDYTLTISSLQPEDFATYYCQQSDSTP
M20809|IGKV1/OR1-1*01|Homo	DIQMTQSPSSLSASVGDRVTITCRASQGISNNLNWYQQKPGKTPKLLIYAASSLQSGIPSRFSDSGSGADYTLTIRSLQPEDFATYYCQQSDSTP
AL031601|IGKV1/OR10-1*01|Homo	DIQMTQSPSSLSASVGDRVTITCRASQGISNNLNWYQQKPGKTPKLLIYAASSLQSGIPSRFSDSGSGTDYTLTISSLQPEDFATYYCQQSDSTS
M20812|IGKV1/OR15-118*01|Homo	DIQMTQSPSSLSASVGDRVTITCRASQGISNNLNWYQQKPGKTPKLLIYAAPSLQSGIPSRFSDSGSGADYTLTIRSLQPEDFATY*CQQSDSTP
Y08392|IGKV1/OR2-0*01|Homo	DIQMTQSPSSLSASVGDRVTITCRASQGISNNLNWYQQKPGKTPKLLIYAAPSLQSGIPSRFSDSGSGADYTLTIRSLQPEDFATYYCQQSDSTP
M20813|IGKV1/OR2-1*01|Homo	DIQMTQSPSSLSASVGGRVTITCRASQGISNNLNWYQQKPGKTPKLLIYAASSLQSGIPSRFSDSGSGADYTLTISSLQPEDFAAYYCQQSDSTP
X51887|IGKV1/OR2-108*01|Homo	DIQVTQSPSSLSASVGDRVTITCRASQGISNGLSWYQQKPGQAPTLLIYAASSLQSGVPSRFSGSGSGTDFTLTISSLQPEDVATYYCLQDYTTP
X51885|IGKV1/OR2-11*01|Homo	DIQMTQPPSSLSASVGDRATVSCQASQSIYNYLNWYQQKPGKAPKFLTYRASSLQRAMPSQFSGSGYGRDFTLTVSSLQPEDFATY*CQQESIFP
AC018696|IGKV1/OR2-118*01|Homo	DIQMTQSPSSLSASVGDRVTITCRASQGISNNLNWYQQKPGKTPKLLIYAASSLQSGIPSRFSDSGSGADYTLTIRSLQPEDFANYYCQQSDSTP
AC128677|IGKV1/OR2-2*01|Homo	DIQMTQSPSSLSASVGGRVTITCRASQGISNNLNWYQQKPGKTPKLLIYAASSLQSGIPSRFSDSGSGADYTLTISSLQPEDFAAYYCQQSDSTP
X05102|IGKV1/OR2-3*01|Homo	DIQMTQPPSSLSASVGDRVTVSCQASQSIYNYLNWYQQKPGKAPKFLTYRASSLQRGMPSQFSGSGYGRDFTLTVSSLQPEDFATY*CQQESIFP
X51879|IGKV1/OR2-9*01|Homo	DIQMTQPPSSLSASVGDRATVSCQASQSIYNYLNWYQQKPGKAPKFLTYRASSLQRAMPSQFSGSGYGRDFTLTVSSLQPEDFATY*CQQESIFP
Z00003|IGKV1/OR22-5*01|Homo	DIQMTQSPSSLSASVGGRVTITCRASQGISNNLNWYQQKPGKTPKPLIYAASSLQSGIPSQFSDSGSGTD*TLTISSLQPEDFATYYCQQSYSTP
Z00002|IGKV1/OR22-5*02|Homo	DIQMTQSPSSLSASVGDRVTITCRASQGISNNLNWYQQKPGKTPKLLIYAASSLQSGIPSQFSDSGSGTD*TLTISSLQPEDFTTYYCQQSYSTP
AL512605|IGKV1/OR9-1*01|Homo	DIQMTQSPSSLSASVGGRVTITCRVSQGISNNLNWYQQKPRKTPKLLIYAASSLQSGIPSRFSDSGSGTDYTLTISSLQPEDFATYYCQQSDSNP
AC129778|IGKV1/OR9-2*01|Homo	DIQMTQSPSSLSASVGGRVTITCRASQGISNNLNWYQQKPRKTPKLLIYAASSLQSGIPSRFSDSGSGTDYTLTISSLQPEDFATYYCQQSDSNP
AC134879|IGKV1/ORY-1*01|Homo	DIQMTQSPSSLSASVGDRVTITCRASQGIINNLNWYQKKPGKTPKLLIYAASSLQSGIPTRFSDSGSGTDYTPTISSLQPEDFATYYCQQSDSTP
X17263|IGKV1D-12*01|Homo	DIQMTQSPSSVSASVGDRVTITCRASQGISSWLAWYQQKPGKAPKLLIYAASSLQSGVPSRFSGSGSGTDFTLTISSLQPEDFATYYCQQANSFP
V01576|IGKV1D-12*02|Homo	DIQMTQSPSSVSASVGDRVTITCRASQGISSWLAWYQQKPGKAPKLLIYAASSLQSGVPSRFSGSGSGTDFTLTISSLQPEDFATYYCQQANSFP
X17262|IGKV1D-13*01|Homo	AIQLTQSPSSLSASVGDRVTITCRASQGISSALAWYQQKPGKAPKLLIYDASSLESGVPSRFSGSGSGTDFTLTISSLQPEDFATYYCQQFNNYP
KM455562|IGKV1D-13*02|Homo	AIQLTQSPSSLSASVGDRVTITCRASQGISSALAWYQQKPGKAPKLLIYDASSLESGVPSRFSGSGSGTDFTLTISSLQPEDFATYYCQQFNSYP
K01323|IGKV1D-16*01|Homo	DIQMTQSPSSLSASVGDRVTITCRASQGISSWLAWYQQKPEKAPKSLIYAASSLQSGVPSRFSGSGSGTDFTLTISSLQPEDFATYYCQQYNSYP
V00558|IGKV1D-16*02|Homo	DIQMTQSPSSLSASVGDRVTITCRARQGISSWLAWYQQKPEKAPKSLIYAASSLQSGVPSRFSGSGSGTDFTLTISSLQPEDFATYYCQQYNSYP
X63392|IGKV1D-17*01|Homo	NIQMTQSPSAMSASVGDRVTITCRARQGISNYLAWFQQKPGKVPKHLIYAASSLQSGVPSRFSGSGSGTEFTLTISSLQPEDFATYYCLQHNSYP
M64855|IGKV1D-33*01|Homo	DIQMTQSPSSLSASVGDRVTITCQASQDISNYLNWYQQKPGKAPKLLIYDASNLETGVPSRFSGSGSGTDFTFTISSLQPEDIATYYCQQYDNLP
X71893|IGKV1D-37*01|Homo	DIQLTQSPSSLSASVGDRVTITCRVSQGISSYLNWYRQKPGKVPKLLIYSASNLQSGVPSRFSGSGSGTDFTLTISSLQPEDVATYYGQRTYNAP
X59312|IGKV1D-39*01|Homo	DIQMTQSPSSLSASVGDRVTITCRASQSISSYLNWYQQKPGKAPKLLIYAASSLQSGVPSRFSGSGSGTDFTLTISSLQPEDFATYYCQQSYSTP
X72816|IGKV1D-42*01|Homo	DIQMIQSPSFLSASVGDRVSIICWASEGISSNLAWYLQKPGKSPKLFLYDAKDLHPGVSSRFSGRGSGTDFTLTIISLKPEDFAAYYCKQDFSYP
KM455560|IGKV1D-42*02|Homo	DIQMTQSPSFLSASVGDRVSIICWASEGISSNLAWYLQKPGKSPKLFLYDAKDLHPGVSSRFSGRGSGTDFTLTIISLKPEDFAAYYCKQDFSYP
X72817|IGKV1D-43*01|Homo	AIRMTQSPFSLSASVGDRVTITCWASQGISSYLAWYQQKPAKAPKLFIYYASSLQSGVPSRFSGSGSGTDYTLTISSLQPEDFATYYCQQYYSTP
Z00008|IGKV1D-8*01|Homo	VIWMTQSPSLLSASTGDRVTISCRMSQGISSYLAWYQQKPGKAPELLIYAASTLQSGVPSRFSGSGSGTDFTLTISCLQSEDFATYYCQQYYSFP
KM455563|IGKV1D-8*02|Homo	AIWMTQSPSLLSASTGDRVTISCRMSQGISSYLAWYQQKPGKAPELLIYAASTLQSGVPSRFSGSGSGTDFTLTISCLQSEDFATYYCQQYYSFP
KM455567|IGKV1D-8*03|Homo	VIWMTQSPSLLSASTGDRVTISCRMSQGISSYLAWYQQKPGKAPELLIYAASTLQSGVPSRFSGSGSGTDFTLTISCLQSEDFATYYCQQYYSFP
X63400|IGKV2-18*01|Homo	DIVMTQTPPSLPVNPGEPASISCRSSQSLLHSNGYTYLHWYLQKPGQSPQLLIYRVSNHLSGVPDRFSGSGSGSDFTLKISWVEAEDVGVYYCMQATQFP
X12684|IGKV2-24*01|Homo	DIVMTQTPLSSPVTLGQPASISCRSSQSLVHSDGNTYLSWLQQRPGQPPRLLIYKISNRFSGVPDRFSGSGAGTDFTLKISRVEAEDVGVYYCMQATQFP
X63397|IGKV2-28*01|Homo	DIVMTQSPLSLPVTPGEPASISCRSSQSLLHSNGYNYLDWYLQKPGQSPQLLIYLGSNRASGVPDRFSGSGSGTDFTLKISRVEAEDVGVYYCMQALQTP
X63396|IGKV2-29*01|Homo	DIVMTQTPLSLSVTPGQPASISCKSSQSLLHSDGKTYLYWYLQKPGQSPQLLIYEVSSRFSGVPDRFSGSGSGTDFTLKISRVEAEDVGVYY*MQGIHLP
U41645|IGKV2-29*02|Homo	DIVMTQTPLSLSVTPGQPASISCKSSQSLLHSDGKTYLYWYLQKPGQSPQLLIYEVSSRFSGVPDRFSGSGSGTDFTLKISRVEAEDVGVYYCMQGIHLP
AJ783437|IGKV2-29*03|Homo	DIVMTQTPLSLSVTPGQPASISCKSSQSLLHSDGKTYLYWYLQKPGQSPQLLIYEVSSRFSGVPDRFSGSGSGTDFTLKISRVEAEDVGVYYCMQGIHLP
X63403|IGKV2-30*01|Homo	DVVMTQSPLSLPVTLGQPASISCRSSQSLVYSDGNTYLNWFQQRPGQSPRRLIYKVSNRDSGVPDRFSGSGSGTDFTLKISRVEAEDVGVYYCMQGTHWP
FM164408|IGKV2-30*02|Homo	DVVMTQSPLSLPVTLGQPASISCRSSQSLVHSDGNTYLNWFQQRPGQSPRRLIYKVSNRDSGVPDRFSGSGSGTDFTLKISRVEAEDVGVYYCMQGTHWP
X72814|IGKV2-4*01|Homo	DIVMTQHLLSLPIPLGEPASISCRSSQSLLHSDGNTYLDWYLQKPGQSPQLLIYTISNKFYGVPNKFSGSRSGTGFTLKFSKVEAEDVGVYCCEQGLQGP
X59314|IGKV2-40*01|Homo	DIVMTQTPLSLPVTPGEPASISCRSSQSLLDSDDGNTYLDWYLQKPGQSPQLLIYTLSYRASGVPDRFSGSGSGTDFTLKISRVEAEDVGVYYCMQRIEFP
X59317|IGKV2-40*02|Homo	ASISCRSSQSLLDSDDGNTYLDCYLQKPGQSPQLLIYTLSYRASGVPDRFSDSGSGTDFTLKISRVEAEDVGVYYCMQRIEFP
AC092683|IGKV2/OR2-7D*01|Homo	DILLTQTPLSLSITPGEPASISCRSSRSLLHSNGNTYLHW*LQKPGQPPQCLICKVSNRFSGVPDRFSGSGSGIDFTLKISPVEAADVGVYITACKLHTGP
M20707|IGKV2/OR22-4*01|Homo	DIVMTQTPLSLPVTPGEPASISCRSSESLLDTDDEYTYLNWYLQKPGQSPQLLIYEVSNRASGVPDRFSGSGSGTDFTLKISRVEA*DVGVYYCMQALQTP
X63395|IGKV2D-18*01|Homo	DIVMTQTPPSLPVNPGEPASISCRSSQSLLHSNGYTYLHWYPQKPGQSPQLLIYRVSSRFSGVPDRFSGSGSGSDFTLKISWVEAEDVGVYYCMQATQFP
X63401|IGKV2D-24*01|Homo	DIVMTQTPLSSPVTLGQPASISFRSSQSLVHSDGNTYLSWLQQRPGQPPRLLIYKVSNRFSGVPDRFSGSGAGTDFTLKISRVEAEDVGVYYCTQATQFP
AP001216|IGKV2D-26*01|Homo	EIVMTQTPLSLSITPGEQASISCRSSQSLLHSDGYTYLYWFLQKARPVSTLLIYEVSNRFSGVPDRFSGSGSGTDFTLKISRVEAEDFGVYYCMQDAQDP
Z27499|IGKV2D-26*02|Homo	EIVMTQTPLSLSITPGEQASMSCRSSQSLLHSDGYTYLYWFLQKARPVSTLLICEVSNRFSGVPDRFSGSGSGTDFTLKISRVEAEDFGVYYCMQDAQDP
KM455565|IGKV2D-26*03|Homo	EIVMTQTPLSLSITPGEQASMSCRSSQSLLHSDGYTYLYWFLQKARPVSTLLIYEVSNRFSGVPDRFSGSGSGTDFTLKISRVEAEDFGVYYCMQDAQDP
X12691|IGKV2D-28*01|Homo	DIVMTQSPLSLPVTPGEPASISCRSSQSLLHSNGYNYLDWYLQKPGQSPQLLIYLGSNRASGVPDRFSGSGSGTDFTLKISRVEAEDVGVYYCMQALQTP
M31952|IGKV2D-29*01|Homo	DIVMTQTPLSLSVTPGQPASISCKSSQSLLHSDGKTYLYWYLQKPGQPPQLLIYEVSNRFSGVPDRFSGSGSGTDFTLKISRVEAEDVGVYYCMQSIQLP
U41644|IGKV2D-29*02|Homo	DIVMTQTPLSLSVTPGQPASISCKSSQSLLHSDGKTYLYWYLQKPGQSPQLLIYEVSNRFSGVPDRFSGSGSGTDFTLKISRVEAEDVGVYYCMQSIQLP
X63402|IGKV2D-30*01|Homo	DVVMTQSPLSLPVTLGQPASISCRSSQSLVYSDGNTYLNWFQQRPGQSPRRLIYKVSNWDSGVPDRFSGSGSGTDFTLKISRVEAEDVGVYYCMQGTHWP
X59311|IGKV2D-40*01|Homo	DIVMTQTPLSLPVTPGEPASISCRSSQSLLDSDDGNTYLDWYLQKPGQSPQLLIYTLSYRASGVPDRFSGSGSGTDFTLKISRVEAEDVGVYYCMQRIEFP
X01668|IGKV3-11*01|Homo	EIVLTQSPATLSLSPGERATLSCRASQSVSSYLAWYQQKPGQAPRLLIYDASNRATGIPARFSGSGSGTDFTLTISSLEPEDFAVYYCQQRSNWP
K02768|IGKV3-11*02|Homo	EIVLTQSPATLSLSPGERATLSCRASQSVSSYLAWYQQKPGQAPRLLIYDASNRATGIPARFSGSGSGRDFTLTISSLEPEDFAVYYCQQRSNWP
M23090|IGKV3-15*01|Homo	EIVMTQSPATLSVSPGERATLSCRASQSVSSNLAWYQQKPGQAPRLLIYGASTRATGIPARFSGSGSGTEFTLTISSLQSEDFAVYYCQQYNNWP
X12686|IGKV3-20*01|Homo	EIVLTQSPGTLSLSPGERATLSCRASQSVSSSYLAWYQQKPGQAPRLLIYGASSRATGIPDRFSGSGSGTDFTLTISRLEPEDFAVYYCQQYGSSP
L37729|IGKV3-20*02|Homo	EIVLTQSPATLSLSPGERATLSCRASQSVSSSYLAWYQQKPGQAPRLLIYGASSRATGIPARFSGSGSGTDFTLTISRLEPEDFAVYYCQ
X02725|IGKV3-7*01|Homo	EIVMTQSPPTLSLSPGERVTLSCRASQSVSSSYLTWYQQKPGQAPRLLIYGASTRATSIPARFSGSGSGTDFTLTISSLQPEDFAVYYCQQDHNLP
X72812|IGKV3-7*02|Homo	EIVMTQSPPTLSLSPGERVTLSCRASQSVSSSYLSWYQQKPGQAPRLLIYGASTRATGIPARFSGSGSGTDFTLTISSLQPEDFAVYYCQQDYNLP
K02769|IGKV3-7*03|Homo	EIVMTQSPPTLSLSPGERVTLSCRASQSVSSSYLTWYQQKPGQAPRLLIYGASTRATSIPARFSGSGSGRDFTLTISSLQPEDFAVYYCQQDHNLP
FM164409|IGKV3-7*04|Homo	EIVMTQSPPTLSLSPGERVTLSCRASQSVSSSYLTWYQQKPGQAPRLLIYGASTRATSIPARFSGSGSGTDFTLTISSLQPEDFAVYYCQQDYNLP
X74459|IGKV3/OR2-268*01|Homo	EIVMTQSPATLSLSPGERATLSCRASQSVSSSYLSWYQQKPGQAPRLLIYGASTRATGIPARFSGSGSGTDFTLTISSLQPEDFAVYYCQQDYNLP
X74460|IGKV3/OR2-268*02|Homo	EIVMTQSPATLSLSPGERATLSCRASQSVSSSYLSWYQQKPGQAPRLLIYGASTRATGIPARFSGSGSGTDFTLTISSLQPEDFAVYYCQQDYNLP
X17264|IGKV3D-11*01|Homo	EIVLTQSPATLSLSPGERATLSCRASQGVSSYLAWYQQKPGQAPRLLIYDASNRATGIPARFSGSGPGTDFTLTISSLEPEDFAVYYCQQRSNWH
KM455561|IGKV3D-11*02|Homo	EIVLTQSPATLSLSPGERATLSCRASQSVSSYLAWYQQKPGQAPRLLIYDASNRATGIPARFSGSGPGTDFTLTISSLEPEDFAVYYCQQRSNWH
L19271|IGKV3D-11*03|Homo	EIVLTQSPATLSLSPGERATLSCRASQGVSSNLAWYQQKPGQAPRLLIYDASNRATGIPARFSGSGPGTDFTLTISSLEPEDFAVYYCQQRSNWH
X72815|IGKV3D-15*01|Homo	EIVMTQSPATLSVSPGERATLSCRASQSVSSNLAWYQQKPGQAPRLLIYGASTRATGIPARFSGSGSGTEFTLTISSLQSEDFAVYYCQQYNNWP
M23091|IGKV3D-15*02|Homo	EIVMMQSPATLSVSPGERATLSCRASQSVSSNLAWYQQKPGQAPRLLIYGASTRATGIPARFSGSGSGTEFTLTISSLQSEDFAVYYCQQYNN*P
KM455564|IGKV3D-15*03|Homo	EIVMTQSPATLSVSPGERATLSCRASQSVSSNLAWYQQKPGQAPRLLIYGASIRATGIPARFSGSGSGTEFTLTISILQSEDFAVYYCQQYNNWP
X12687|IGKV3D-20*01|Homo	EIVLTQSPATLSLSPGERATLSCGASQSVSSSYLAWYQQKPGLAPRLLIYDASSRATGIPDRFSGSGSGTDFTLTISRLEPEDFAVYYCQQYGSSP
L19272|IGKV3D-20*02|Homo	EIVLTQSPATLSLSPGERATLSCRASQSVSSSYLAWYQQKPGQAPRLLIYDASSRATGIPDRFSGSGSGTDFTLTISRLEPEDFAVYYCQQRSNWH
X72820|IGKV3D-7*01|Homo	EIVMTQSPATLSLSPGERATLSCRASQSVSSSYLSWYQQKPGQAPRLLIYGASTRATGIPARFSGSGSGTDFTLTISSLQPEDFAVYYCQQDYNLP
Z00023|IGKV4-1*01|Homo	DIVMTQSPDSLAVSLGERATINCKSSQSVLYSSNNKNYLAWYQQKPGQPPKLLIYWASTRESGVPDRFSGSGSGTDFTLTISSLQAEDVAVYYCQQYYSTP
X02485|IGKV5-2*01|Homo	ETTLTQSPAFMSATPGDKVNISCKASQDIDDDMNWYQQKPGEAAIFIIQEATTLVPGIPPRFSGSGYGTDFTLTINNIESEDAAYYFCLQHDNFP
X63399|IGKV6-21*01|Homo	EIVLTQSPDFQSVTPKEKVTITCRASQSIGSSLHWYQQKPDQSPKLLIKYASQSFSGVPSRFSGSGSGTDFTLTINSLEAEDAATYYCHQSSSLP
KM455568|IGKV6-21*02|Homo	EIVLTQSPDFQSVTPKEKVTITCRASQSIGSSLHWYQQKPDQSPKLLIKYASQSISGVPSRFSGSGSGTDFTLTINSLEAEDAATYYCHQSSSLP
X12683|IGKV6D-21*01|Homo	EIVLTQSPDFQSVTPKEKVTITCRASQSIGSSLHWYQQKPDQSPKLLIKYASQSFSGVPSRFSGSGSGTDFTLTINSLEAEDAATYYCHQSSSLP
KM455569|IGKV6D-21*02|Homo	EIVLTQSPDFQSVTPKEKVTITCRASQSIGSSLHWYQQKPDQSPKLLIKYASQSISGVPSRFSGSGSGTDFTLTINSLEAEDAAAYYCHQSSSLP
M27751|IGKV6D-41*01|Homo	DVVMTQSPAFLSVTPGEKVTITCQASEGIGNYLYWYQQKPDQAPKLLIKYASQSISGVPSRFSGSGSGTDFTFTISSLEAEDAATYYCQQGNKHP
X12682|IGKV7-3*01|Homo	DIVLTQSPASLAVSPGQRATITCRASESVSFLGINLIHWYQQKPGQPPKLLIYQASNKDTGVPARFSGSGSGTDFTLTINPVEANDTANYYCLQSKNFP
X04457|IGLJ1*01|Homo	YVFGTGTKVTVL
M15641|IGLJ2*01|Homo	VVFGGGTKLTVL
M15642|IGLJ3*01|Homo	VVFGGGTKLTVL
D87023|IGLJ3*02|Homo	WVFGGGTKLTVL
X51755|IGLJ4*01|Homo	FVFGGGTQLIIL
X51755|IGLJ5*01|Homo	WVFGEGTELTVL
D87017|IGLJ5*02|Homo	WVFGEGTELTVL
M18338|IGLJ6*01|Homo	NVFGSGTKVTVL
X51755|IGLJ7*01|Homo	AVFGGGTQLTVL
D87017|IGLJ7*02|Homo	AVFGGGTQLTAL
Z73653|IGLV1-36*01|Homo	QSVLTQPPSVSEAPRQRVTISCSGSSSNIGNNAVNWYQQLPGKAPKLLIYYDDLLPSGVSDRFSGSKSGTSASLAISGLQSEDEADYYCAAWDDSLNG
M94116|IGLV1-40*01|Homo	QSVLTQPPSVSGAPGQRVTISCTGSSSNIGAGYDVHWYQQLPGTAPKLLIYGNSNRPSGVPDRFSGSKSGTSASLAITGLQAEDEADYYCQSYDSSLSG
X53936|IGLV1-40*02|Homo	QSVVTQPPSVSGAPGQRVTISCTGSSSNIGAGYDVHWYQQLPGTAPKLLIYGNSNRPSGVPDRFSGSKSGTSASLAITGLQAEDEADYYCQSYDSSLSG
Z22192|IGLV1-40*03|Homo	QSVVTQPPSVSGAPGQRVTISCTGSSSNIGAGYDVHWYQQLPGTAPKLLIYGNSNRPSGVPDRFSGSKSGASASLAITGLQAEDEADYYCQSYDSSLSG
M94118|IGLV1-41*01|Homo	QSVLTQPPSVSAAPGQKVTISCSGSSSDMGNYAVSWYQQLPGTAPKLLIYENNKRPSGIPDRFSGSKSGTSATLGITGLWPEDEADYYCLAWDTSPRA
D87010|IGLV1-41*02|Homo	QSVLTQPPSVSAAPGQKVTISCSGSSSDMGNYAVSWYQQLPGTAPKLLIYENNKRPSGIPDRFSGSKSGTSATLGITGLWPED*ADYYCLAWDTSLRA
Z73654|IGLV1-44*01|Homo	QSVLTQPPSASGTPGQRVTISCSGSSSNIGSNTVNWYQQLPGTAPKLLIYSNNQRPSGVPDRFSGSKSGTSASLAISGLQSEDEADYYCAAWDDSLNG
Z73663|IGLV1-47*01|Homo	QSVLTQPPSASGTPGQRVTISCSGSSSNIGSNYVYWYQQLPGTAPKLLIYRNNQRPSGVPDRFSGSKSGTSASLAISGLRSEDEADYYCAAWDDSLSG
D87016|IGLV1-47*02|Homo	QSVLTQPPSASGTPGQRVTISCSGSSSNIGSNYVYWYQQLPGTAPKLLIYSNNQRPSGVPDRFSGSKSGTSASLAISGLRSEDEADYYCAAWDDSLSG
AC279207|IGLV1-47*03|Homo	QSVLTQPPSASGTPGQRVTISCSGSSSNIGSNYVYWYQQLPGTAPKLLIYRNNQRPSGVPDRFSGSKSGTSASLAISGLWSEDEADYYCAAWDDSLSG
M94112|IGLV1-50*01|Homo	QSVLTQPPSVSGAPGQRVTISCTGSSSNIGAGYVVHWYQQLPGTAPKLLIYGNSNRPSGVPDQFSGSKSGTSASLAITGLQSEDEADYYCKAWDNSLNA
Z73661|IGLV1-51*01|Homo	QSVLTQPPSVSAAPGQKVTISCSGSSSNIGNNYVSWYQQLPGTAPKLLIYDNNKRPSGIPDRFSGSKSGTSATLGITGLQTGDEADYYCGTWDSSLSA
M30446|IGLV1-51*02|Homo	QSVLTQPPSVSAAPGQKVTISCSGSSSNIGNNYVSWYQQLPGTAPKLLIYENNKRPSGIPDRFSGSKSGTSATLGITGLQTGDEADYYCGTWDSSLSA
D87022|IGLV1-62*01|Homo	QSVLTQPPSVSWATRQRLTVSCTGSSSNTGTGYNVNCWQ*LPRTDPKLLRHGDKNWASWVSDQFSGSKSGSLASLGTTGLWAEDKTDYHCQSRDIC*VL
Z73676|IGLV10-54*01|Homo	QAGLTQPPSVSKGLRQTATLTCTGNSNNVGNQGAAWLQQHQGHPPKLLSYRNNNRPSGISERLSASRSGNTASLTITGLQPEDEADYYCSAWDSSLSA
D86996|IGLV10-54*02|Homo	QAGLTQPPSVSKGLRQTATLTCTGNSNIVGNQGAAWLQQHQGHPPKLLSYRNNNRPSGISERFSASRSGNTASLTITGLQPEDEADYYCSALDSSLSA
S70116|IGLV10-54*03|Homo	QAGLTQPPSVSKGLRQTATLTCTGNSNNVGNQGAAWPEQHQGHPPKLLSYRNNNRPSGISERLSASRSGNTASLTITGLQPEDEADYYCSAWDSSLSA
D86996|IGLV11-55*01|Homo	RPVLTQPPSLSASPGATARLPCTLSSDLSVGGKNMFWYQQKPGSSPRLFLYHYSDSDKQLGPGVPSRVSGSKETSSNTAFLLISGLQPEDEADYYCQVYESSAN
KM455555|IGLV11-55*02|Homo	RPVLTQPPSLSASPGATARLPCTLSSDLSVGGKNMFWYQQKLGSSPRLFLYHYSDSDKQLGPGVPSRVSGSKETSSNTAFLLISGLQPEDEADYYCQVYESSAN
Z73657|IGLV2-11*01|Homo	QSALTQPRSVSGSPGQSVTISCTGTSSDVGGYNYVSWYQQHPGKAPKLMIYDVSKRPSGVPDRFSGSKSGNTASLTISGLQAEDEADYYCCSYAGSYTF
Z22198|IGLV2-11*02|Homo	QSALTQPRSVSGSPGQSVTISCTGTSSDVGGYNYVSWYQQHPGKAPKLMIYDVSKRPSGVPDRFSGSKSGNTASLTISGLQAEDEADYYCCSYAGSYTF
Y12415|IGLV2-11*03|Homo	XXCPGLLDSQSPSPALEPAVMLVXVITMSPGTNNTQAKPPNS*FMMSXVSGPQGSLXIASLAPXXLATRPP*PSLGSRLRMRLIITAAHMQAATL
Z73664|IGLV2-14*01|Homo	QSALTQPASVSGSPGQSITISCTGTSSDVGGYNYVSWYQQHPGKAPKLMIYEVSNRPSGVSNRFSGSKSGNTASLTISGLQAEDEADYYCSSYTSSSTL
L27822|IGLV2-14*02|Homo	QSALTQPASVSGSPGQSITISCTGTSSDVGSYNLVSWYQQHPGKAPKLMIYEGSKRPSGVSNRFSGSKSGNTASLTISGLQAEDEADYYCSSYTSSSTL
Y12412|IGLV2-14*03|Homo	PXCLGLLDSRSPSPALEPAVTLVXVITMSPGTNNTQAKPPNS*FMMSXVIGPQGFLXIASLAPXXLATRPP*PSLGSRLRTRLIITAAHIQAAAL
Y12413|IGLV2-14*04|Homo	PXCLGLLDSRSPSPALEPAVTLVXVITMSPGTNSTQAKPPNS*FMMSXVIGPQGFLXIASLAPXXLATRPP*PSLGSRLRTRLIITAAHIQAAAL
Z73642|IGLV2-18*01|Homo	QSALTQPPSVSGSPGQSVTISCTGTSSDVGSYNRVSWYQQPPGTAPKLMIYEVSNRPSGVPDRFSGSKSGNTASLTISGLQAEDEADYYCSLYTSSSTF
L27697|IGLV2-18*02|Homo	QSALTQPPSVSGSPGQSVTISCTGTSSDVGSYNRVSWYQQPPGTAPKLMIYEVSNRPSGVPDRFSGSKSGNTASLTISGLQAEDEADYYCSSYTSSSTF
L27694|IGLV2-18*03|Homo	QSALTQPPSVSGSPGQSVTISCTGTSSDVGSYNRVSWYQQPPGTAPKLMIYEVSNRPSGVPDRFSGSKSGNTASLTTSGLQAEDEADYYCSSYTSSSTF
L27692|IGLV2-18*04|Homo	QSALTQPPSVSGSPGQSVTISCTGTSSDVGSYNRVSWYQQPPGTAPKLMIYEVSNRPSGVPDRSSGSKSGNTASLTISGLQAEDEADYYCSSYTSSSTF
X14616|IGLV2-23*01|Homo	QSALTQPASVSGSPGQSITISCTGTSSDVGSYNLVSWYQQHPGKAPKLMIYEGSKRPSGVSNRFSGSKSGNTASLTISGLQAEDEADYYCCSYAGSSTL
Z73665|IGLV2-23*02|Homo	QSALTQPASVSGSPGQSITISCTGTSSDVGSYNLVSWYQQHPGKAPKLMIYEVSKRPSGVSNRFSGSKSGNTASLTISGLQAEDEADYYCCSYAGSSTF
D86994|IGLV2-23*03|Homo	QSALTQPASVSGSPGQSITISCTGTSSDVGSYNLVSWYQQHPGKAPKLMIYEGSKRPSGVSNRFSGSKSGNTASLTISGLQAEDEADYYCCSYAGSSTF
Z73643|IGLV2-33*01|Homo	QSALTQPPFVSGAPGQSVTISCTGTSSDVGDYDHVFWYQKRLSTTSRLLIYNVNTRPSGISDLFSGSKSGNMASLTISGLKSEVEANYHCSLYSSSYTF
L27823|IGLV2-33*02|Homo	QSALTQPPFVSGAPGQSVTISCTGTSSDVGDYDHVFWYQKRLSTTSRLLIYNVNTRPSGISDLFSGSKSGNMASLTISGLKSEVEANYHCSLYSSSYTF
L27691|IGLV2-33*03|Homo	QSALTQPPFVSGAPGQSVTISCTGTSSDVGDYDHVFWYQKRLSTTSRLLIYNVNTRPSGISDLFSGSKSGNVASLTISGLKSEVEANYHCSLYSSSYTF
D87013|IGLV2-34*01|Homo	QSVLTQPRSVSRSPGQ*VTIFCTGTSSDIGGYDLVSWCQ*HPGKAPKLMIYDVANWPSGAPGCFSGSKSGNTASLTISGLQAEDEADYYCSSYAGSYNF
Z22209|IGLV2-34*02|Homo	QSVLTQPRSVSRSPGQ*VTIFCTGTSSDIGGYDLVSWCQ*HPGKAPKLMIYDVGNWPSGAPGCFSGSKSGNTASLTISGLQAEDEADYYCSSYAGSYNF
Z73641|IGLV2-5*01|Homo	QSALIQPPSVSGSPGQSVTISCTGTSSDVGSYDYVSWYQQHPGTVPKPMIYNVNTQPSGVPDRFSGSKSGNTASMTISGLQAEDEADY*CCSYTSSAT*
X57825|IGLV2-5*02|Homo	QSALIQPPSVSGSPGQSVTISCTGTSSDVGSYDYVSWYQQHPGTVPKPMIYNVNTRPSGVPDRFSGSKSGNTASMTISGLQAEDEADY*CCSYTSSAT*
X97462|IGLV2-8*01|Homo	QSALTQPPSASGSPGQSVTISCTGTSSDVGGYNYVSWYQQHPGKAPKLMIYEVSKRPSGVPDRFSGSKSGNTASLTVSGLQAEDEADYYCSSYAGSNNF
L27695|IGLV2-8*02|Homo	QSALTQPPSASRSPGQSVTISCTGTSSDVGGYNYVSWYQQHPGKAPKLMIYEVSKRPSGVPDRFSGSKSGNTASLTVSGLQAEDEADYYCSSYAGSNNF
Y12418|IGLV2-8*03|Homo	PXRPGLLDSQSPSPALEPAVTLVXVITMSPGTNSTQAKPPNS*FMRSXVSGPQGSLXIASLAPXXLATRPP*PSLGSRLRMRLIITAAHMQAATI
X57826|IGLV3-1*01|Homo	SYELTQPPSVSVSPGQTASITCSGDKLGDKYACWYQQKPGQSPVLVIYQDSKRPSGIPERFSGSNSGNTATLTISGTQAMDEADYYCQAWDSSTA
X97464|IGLV3-10*01|Homo	SYELTQPPSVSVSPGQTARITCSGDALPKKYAYWYQQKSGQAPVLVIYEDSKRPSGIPERFSGSSSGTMATLTISGAQVEDEADYYCYSTDSSGNH
L29166|IGLV3-10*02|Homo	SYELTQPPSVSVSPGQTARITCSGDALPKKYAYWYQQKSGQAPVLVIYKDSKRPSGIPERFSGSSSGTMATLTISGAQVEDEDDYYCYSADYSGN
AC279221|IGLV3-10*03|Homo	SYELTQPPSVSVSPGQTARITCSGDALPKKYAYWYQQKSGQAPVLVIYEDSKRPSGIPERFSGSSSGTMATLTISGAQVEDEDDYYCYSTDSSGNH
Z73658|IGLV3-12*01|Homo	SYELTQPHSVSVATAQMARITCGGNNIGSKAVHWYQQKPGQDPVLVIYSDSNRPSGIPERFSGSNPGNTTTLTISRIEAGDEADYYCQVWDSSSDH
D86998|IGLV3-12*02|Homo	SYELTQPHSVSVATAQMARITCGGNNIGSKAVHWYQQKPGQDPVLVIYSDSNRPSGIPERFSGSNPGNTATLTISRIEAGDEADYYCQVWDSSSDH
X97463|IGLV3-13*01|Homo	SYELTQPPAVSVSPGQTARISCSGDVLRDNYADWYPQKPGQAPVLVIYKDGERPSGIPERFSGSTSGNTTALTISRVLTKGGADYYCFSGD*NN
X97471|IGLV3-16*01|Homo	SYELTQPPSVSVSLGQMARITCSGEALPKKYAYWYQQKPGQFPVLVIYKDSERPSGIPERFSGSSSGTIVTLTISGVQAEDEADYYCLSADSSGTY
X56178|IGLV3-19*01|Homo	SSELTQDPAVSVALGQTVRITCQGDSLRSYYASWYQQKPGQAPVLVIYGKNNRPSGIPDRFSGSSSGNTASLTITGAQAEDEADYYCNSRDSSGNH
AC279208|IGLV3-19*02|Homo	SSELTQDPAVSVALGQTVRITCQGDSLRSYYASWYQQKPGQAPVRVIYGKNNRPSGIPDRFSGSSSGNTASLTITGAQAEDEADYYCNSWDSSGNH
X71966|IGLV3-21*01|Homo	SYVLTQPPSVSVAPGKTARITCGGNNIGSKSVHWYQQKPGQAPVLVIYYDSDRPSGIPERFSGSNSGNTATLTISRVEAGDEADYYCQVWDSSSDH
D87007|IGLV3-21*02|Homo	SYVLTQPPSVSVAPGQTARITCGGNNIGSKSVHWYQQKPGQAPVLVVYDDSDRPSGIPERFSGSNSGNTATLTISRVEAGDEADYYCQVWDSSSDH
M94115|IGLV3-21*03|Homo	SYVLTQPPSVSVAPGKTARITCGGNNIGSKSVHWYQQKPGQAPVLVVYDDSDRPSGIPERFSGSNSGNTATLTISRVEAGDEADYYCQVWDSSSDH
AC279208|IGLV3-21*04|Homo	SYVLTQPPSVSVAPGKTARITCGGNNIGSKSVHWYQQKPGQAPVLVIYYDSDRPSGIPERFSGSNSGNTATLTISRVEAGDEADYYCQVWDSSSDH
Z73666|IGLV3-22*01|Homo	SYELTQLPSVSVSPGQTARITCSGDVLGENYADWYQQKPGQAPELVIYEDSERYPGIPERFSGSTSGNTTTLTISRVLTEDEADYYCLSGDEDN
AC279208|IGLV3-22*03|Homo	SYELTQLPSVSLSPGQKARITCSGDVLGKNYADWYQQKPGQAPELVIYEDSERYPGIPERFSGSTSGNTTTLTISRVLTEDEADYYCLSGNEDN
X97474|IGLV3-25*01|Homo	SYELMQPPSVSVSPGQTARITCSGDALPKQYAYWYQQKPGQAPVLVIYKDSERPSGIPERFSGSSSGTTVTLTISGVQAEDEADYYCQSADSSGTY
D86994|IGLV3-25*02|Homo	SYELTQPPSVSVSPGQTARITCSGDALPKQYAYWYQQKPGQAPVLVIYKDSERPSGIPERFSGSSSGTTVTLTISGVQAEDEADYYCQSADSSGTY
AC279213|IGLV3-25*03|Homo	SYELTQPPSVSVSPGQTARITCSGDALPKQYAYWYQQKPGQAPVLVIYKDSERPSGIPERFSGSSSGTTVTLTISGVQAEDEADYYCQSADSSGTY
D86994|IGLV3-27*01|Homo	SYELTQPSSVSVSPGQTARITCSGDVLAKKYARWFQQKPGQAPVLVIYKDSERPSGIPERFSGSSSGTTVTLTISGAQVEDEADYYCYSAADNN
X97469|IGLV3-31*01|Homo	SSELSQEPAVSVALG*TARITCQGDSIEDSVVNWYKQKPSQAPGLVI*LNSVQSSGIPKKFSGSSSGNMATLTITGIQVEDKADYYCQSWDSSRTH
Z22203|IGLV3-31*02|Homo	SSELSQEPAVSVSLG*TARITCQGDSIEDSVVNWYKQKPSQAPGLVI*LNSVQSSGIPKKFSGSSSGNMATLTITGIQVEDKADYYCQSWDSSRTH
D87014|IGLV3-32*01|Homo	SSGPTQVPAVSVALGQMARITCQGDSMEGSYEHWYQQKPGQAPVLVIYDSSDRPSRIPERFSGSKSGNTTTLTITGAQAEDEADYYYQLIDNHATQ
X97473|IGLV3-9*01|Homo	SYELTQPLSVSVALGQTARITCGGNNIGSKNVHWYQQKPGQAPVLVIYRDSNRPSGIPERFSGSNSGNTATLTISRAQAGDEADYYCQVWDSSTA
X74288|IGLV3-9*02|Homo	SYELTQPLSVSVALGQAARITCGGNNLGYKSVHWYQQKPGQAPVLVIYRDNNRPSGIPERFSGSNSGNTATLTISRAQAGDEADYYCQVWDSSTAH
X57828|IGLV4-3*01|Homo	LPVLTQPPSASALLGASIKLTCTLSSEHSTYTIEWYQQRPGRSPQYIMKVKSDGSHSKGDGIPDRFMGSSSGADRYLTFSNLQSDDEAEYHCGESHTIDGQVG*
Z73667|IGLV4-60*01|Homo	QPVLTQSSSASASLGSSVKLTCTLSSGHSSYIIAWHQQQPGKAPRYLMKLEGSGSYNKGSGVPDRFSGSSSGADRYLTISNLQLEDEADYYCETWDSNT
D87000|IGLV4-60*02|Homo	QPVLTQSSSASASLGSSVKLTCTLSSGHSSYIIAWHQQQPGKAPRYLMKLEGSGSYNKGSGVPDRFSGSSSGADRYLTISNLQFEDEADYYCETWDSNT
AF073885|IGLV4-60*03|Homo	QPVLTQSSSASASLGSSVKLTCTLSSGHSSYIIAWHQQQPGKAPRYLMKLEGSGSYNKGSGVPDRFSGSSSGADRYLTISNLQSEDEADYYCETWDSNT
Z73648|IGLV4-69*01|Homo	QLVLTQSPSASASLGASVKLTCTLSSGHSSYAIAWHQQQPEKGPRYLMKLNSDGSHSKGDGIPDRFSGSSSGAERYLTISSLQSEDEADYYCQTWGTGI
U03868|IGLV4-69*02|Homo	QLVLTQSPSASASLGASVKLTCTLSSGHSSYAIAWHQQQPEKGPRYLMKLNSDGSHSKGDGIPDRFSGSSSGAERYLTISSLQSEDEADYYCQTWGTGI
Z73672|IGLV5-37*01|Homo	QPVLTQPPSSSASPGESARLTCTLPSDINVGSYNIYWYQQKPGSPPRYLLYYYSDSDKGQGSGVPSRFSGSKDASANTGILLISGLQSEDEADYYCMIWPSNAS
Z73668|IGLV5-39*01|Homo	QPVLTQPTSLSASPGASARFTCTLRSGINVGTYRIYWYQQKPGSLPRYLLRYKSDSDKQQGSGVPSRFSGSKDASTNAGLLLISGLQSEDEADYYCAIWYSSTS
AF216776|IGLV5-39*02|Homo	QPVLTQPTSLSASPGASARFTCTLRSGINVGTYRIYWYQQNPGSLPRYLLRYKSDSDKQQGSGVPSRFSGSKDASTNAGLLLISGLQSEDEADYYCAIWYSSTS
Z73670|IGLV5-45*01|Homo	QAVLTQPASLSASPGASASLTCTLRSGINVGTYRIYWYQQKPGSPPQYLLRYKSDSDKQQGSGVPSRFSGSKDASANAGILLISGLQSEDEADYYCMIWHSSAS
Z73671|IGLV5-45*02|Homo	QAVLTQPSSLSASPGASASLTCTLRSGINVGTYRIYWYQQKPGSPPQYLLRYKSDSDKQQGSGVPSRFSGSKDASANAGILLISGLQSEDEADYYCMIWHSSAS
D86999|IGLV5-45*03|Homo	QAVLTQPSSLSASPGASASLTCTLRSGINVGTYRIYWYQQKPGSPPQYLLRYKSDSDKQQGSGVPSRFSGSKDASANAGILLISGLQSEDEADYYCMIWHSSAS
KM455553|IGLV5-45*04|Homo	QAVLTQPSSLSASPGASASLTCTLCSGINVGTYRIYWYQQKPGSPPQYLLRYKSDSDKQQGSGVPSRFSGSKDASANAGILLISGLQSEDEADYYCMIWHSSAS
Z73649|IGLV5-48*01|Homo	QPVLTQPTSLSASPGASARLTCTLRSGINLGSYRIFWYQQKPESPPRYLLSYYSDSSKHQGSGVPSRFSGSKDASSNAGILVISGLQSEDEADYYCMIWHSSAS
KM455554|IGLV5-48*02|Homo	QAVLTQPTSLSASPGASARLTCTLRSGISVGSYRIYWYQQKPGSPPRYLLNYYSDSDKHQGSGVPSRFSGSKDASTNAGILFISGL*SEDEADYYCMIWHSSAS
Z73669|IGLV5-52*01|Homo	QPVLTQPSSHSASSGASVRLTCMLSSGFSVGDFWIRWYQQKPGNPPRYLLYYHSDSNKGQGSGVPSRFSGSNDASANAGILRISGLQPEDEADYYCGTWHSNSKT
Z73673|IGLV6-57*01|Homo	NFMLTQPHSVSESPGKTVTISCTRSSGSIASNYVQWYQQRPGSSPTTVIYEDNQRPSGVPDRFSGSIDSSSNSASLTISGLKTEDEADYYCQSYDSSN
KM455556|IGLV6-57*02|Homo	NFMLTQPHSVSESPGKTVTISCTGSSGSIASNYVQWYQQRPGSAPTTVIYEDNQRPSGVPDRFSGSIDSSSNSASLTISGLKTEDEADYYCQSYDSSN
AC279220|IGLV6-57*03|Homo	NFMLTQPHSVSESPGKTVTISCTRSSGSIASNYVQWYQQRPGSAPTTVIYEDNQRPSGVPDRFSGSIDSSSNSASLTISGLKTEDEADYYCQSYDSSN
X14614|IGLV7-43*01|Homo	QTVVTQEPSLTVSPGGTVTLTCASSTGAVTSGYYPNWFQQKPGQAPRALIYSTSNKHSWTPARFSGSLLGGKAALTLSGVQPEDEAEYYCLLYYGGAQ
Z73674|IGLV7-46*01|Homo	QAVVTQEPSLTVSPGGTVTLTCGSSTGAVTSGHYPYWFQQKPGQAPRTLIYDTSNKHSWTPARFSGSLLGGKAALTLSGAQPEDEAEYYCLLSYSGAR
D86999|IGLV7-46*02|Homo	QAVVTQEPSLTVSPGGTVTLTCGSSTGAVTSGHYPYWFQQKPGQAPRTLIYDTSNKHSWTPARFSGSLLGGKAALTLLGAQPEDEAEYYCLLSYSGAR
Z73650|IGLV8-61*01|Homo	QTVVTQEPSFSVSPGGTVTLTCGLSSGSVSTSYYPSWYQQTPGQAPRTLIYSTNTRSSGVPDRFSGSILGNKAALTITGAQADDESDYYCVLYMGSGI
U03637|IGLV8-61*02|Homo	QTVVTQEPSFSVSPGGTVTLTCGLSSGSVSTSYYPSWYQQTPGQAPRTLIYSTNTRSSGVPDCFSGSILGNKAALTITGAQADDESDYYCVLYMGSGI
AF266511|IGLV8-61*03|Homo	*PRSHRXSQCPLEGQSHSLVA*ALAQSLXLVTTPAGTSRPQARLHARSSTAXXTLALLASLXIASLAPSXLGTKLPSPSRGPRQMM
U03636|IGLV8/OR8-1*02|Homo	QSVVTQEPSLSGSPGGTVTLTCALSSGSVSTSHYPRWYQQTPGQAPHMLICSPNTCPSGVPGRFSGSILGNKAALTITGTQVDDDSDHYCVLYMGSGN
Z73675|IGLV9-49*01|Homo	QPVLTQPPSASASLGASVTLTCTLSSGYSNYKVDWYQQRPGKGPRFVMRVGTGGIVGSKGDGIPDRFSVLGSGLNRYLTIKNIQEEDESDYHCGADHGSGSNFV*
D87016|IGLV9-49*02|Homo	QPVLTQPPSASASLGASVTLTCTLSSGYSNYKVDWYQQRPGKGPRFVMRVGTGGIVGSKGDGIPDRFSVLGSGLNRYLTIKNIQEEDESDYHCGADHGSGSNFV*
U03869|IGLV9-49*03|Homo	QPVLTQPPSASASLGASVTLTCTLSSGYSNYKVDWYQQRPGKGPRFVMRVGTGGIVGSKGDGIPDRFSVLGSGLNRYLTIKNIQEEDESDYHCGADHGSGSNFV*
