Ab1	Ab2	sequence
Umab_HC	PGDM1400_HC	QLVQSG;FWGQGT
Brimab_HC	PGDM1400_HC	DTAVYYC
Umab_LC	PGDM1400_LC	RFSGSGS;TFGQGTK
Brimab_LC	PGDM1400_LC	SGVPDRFSGS
h9C12_LC	PGDM1400_LC	SPQLLIY;GVPDRFSGSG
Brimab_HC	PGT121_HC	PGKGLEW
h9C12-WT_HC	PGT121_HC	SPGKGLEW
h9C12-Q97A_HC	PGT121_HC	SPGKGLEW
Brimab_LC	PGT121_LC	DEADYYC
PGDM1400_HC	Umab_HC	QLVQSG;FWGQGT
h9C12-WT_HC	Umab_HC	WGQGTLVTVS
h9C12-Q97A_HC	Umab_HC	WGQGTLVTVS
PGDM1400_LC	Umab_LC	RFSGSGS;TFGQGTK
h9C12_LC	Umab_LC	RFSGSG
PGDM1400_HC	Brimab_HC	DTAVYYC
PGT121_HC	Brimab_HC	PGKGLEW
h9C12-WT_HC	Brimab_HC	PGKGLEW
h9C12-Q97A_HC	Brimab_HC	PGKGLEW
PGDM1400_LC	Brimab_LC	SGVPDRFSGS
PGT121_LC	Brimab_LC	DEADYYC
h9C12_LC	Brimab_LC	GVPDRFSGS
PGT121_HC	h9C12-WT_HC	SPGKGLEW
Umab_HC	h9C12-WT_HC	WGQGTLVTVS
Brimab_HC	h9C12-WT_HC	PGKGLEW
PGT121_HC	h9C12-Q97A_HC	SPGKGLEW
Umab_HC	h9C12-Q97A_HC	WGQGTLVTVS
Brimab_HC	h9C12-Q97A_HC	PGKGLEW
PGDM1400_LC	h9C12_LC	SPQLLIY;GVPDRFSGSG
Umab_LC	h9C12_LC	RFSGSG
Brimab_LC	h9C12_LC	GVPDRFSGS
