sequence_name	nucleotide_sequence_full	nucleotide_sequence_cdr3	amino_acid_sequence_full	amino_acid_sequence_cdr3	amino_acid_sequence_Vregion
PGDM1400_HC	CAGGCCCAGCTGGTGCAGAGCGGCCCCGAGGTGAGGAAGCCCGGCACCAGCGTGAAGGTGAGCTGCAAGGCCCCCGGCAACACCCTGAAGACCTACGACCTGCACTGGGTGAGGAGCGTGCCCGGCCAGGGCCTGCAGTGGATGGGCTGGATCAGCCACGAGGGCGACAAGAAGGTGATCGTGGAGAGGTTCAAGGCCAAGGTGACCATCGACTGGGACAGGAGCACCAACACCGCCTACCTGCAGCTGAGCGGCCTGACCAGCGGCGACACCGCCGTGTACTACTGCGCCAAGGGCAGCAAGCACAGGCTGAGGGACTACGCCCTGTACGACGACGACGGCGCCCTGAACTGGGCCGTGGACGTGGACTACCTGAGCAACCTGGAGTTCTGGGGCCAGGGCACCGCCGTGACCGTGAGCAGC	GCCAAGGGCAGCAAGCACAGGCTGAGGGACTACGCCCTGTACGACGACGACGGCGCCCTGAACTGGGCCGTGGACGTGGACTACCTGAGCAACCTGGAGTTC	QAQLVQSGPEVRKPGTSVKVSCKAPGNTLKTYDLHWVRSVPGQGLQWMGWISHEGDKKVIVERFKAKVTIDWDRSTNTAYLQLSGLTSGDTAVYYCAKGSKHRLRDYALYDDDGALNWAVDVDYLSNLEFWGQGTAVTVSSASTKGPSVFPLAPSSKSTSGGTAALGCLVKDYFPEPVTVSWNSGALTSGVHTFPAVLQSSGLYSLSSVVTVPSSSLGTQTYICNVNHKPSNTKVDKKVEPKSCDKTHTCPPCPAPELLGGPSVFLFPPKPKDTLMISRTPEVTCVVVDVSHEDPEVKFNWYVDGVEVHNAKTKPREEQYNSTYRVVSVLTVLHQDWLNGKEYKCKVSNKALPAPIEKTISKAKGQPREPQVYTLPPSREEMTKNQVSLTCLVKGFYPSDIAVEWESNGQPENNYKTTPPVLDSDGSFFLYSKLTVDKSRWQQGNVFSCSVMHEALHNHYTQKSLSLSPGK	CAKGSKHRLRDYALYDDDGALNWAVDVDYLSNLEFW	QAQLVQSGPEVRKPGTSVKVSCKAPGNTLKTYDLHWVRSVPGQGLQWMGWISHEGDKKVIVERFKAKVTIDWDRSTNTAYLQLSGLTSGDTAVYYCAKGSKHRLRDYALYDDDGALNWAVDVDYLSNLEFWGQGTAVTVSS
PGDM1400_LC	GACTTCGTGCTGACCCAGAGCCCCCACAGCCTGAGCGTGACCCCCGGCGAGAGCGCCAGCATCAGCTGCAAGAGCAGCCACAGCCTGATCCACGGCGACAGGAACAACTACCTGGCCTGGTACGTGCAGAAGCCCGGCAGGAGCCCCCAGCTGCTGATCTACCTGGCCAGCAGCAGGGCCAGCGGCGTGCCCGACAGGTTCAGCGGCAGCGGCAGCGACAAGGACTTCACCCTGAAGATCAGCAGGGTGGAGACCGAGGACGTGGGCACCTACTACTGCATGCAGGGCAGGGAGAGCCCCTGGACCTTCGGCCAGGGCACCAAGGTGGACATCAAG	ATGCAGGGCAGGGAGAGCCCCTGGACC	DFVLTQSPHSLSVTPGESASISCKSSHSLIHGDRNNYLAWYVQKPGRSPQLLIYLASSRASGVPDRFSGSGSDKDFTLKISRVETEDVGTYYCMQGRESPWTFGQGTKVDIKRTVAAPSVFIFPPSDEQLKSGTASVVCLLNNFYPREAKVQWKVDNALQSGNSQESVTEQDSKDSTYSLSSTLTLSKADYEKHKVYACEVTHQGLSSPVTKSFNRGEC	CMQGRESPWTF	DFVLTQSPHSLSVTPGESASISCKSSHSLIHGDRNNYLAWYVQKPGRSPQLLIYLASSRASGVPDRFSGSGSDKDFTLKISRVETEDVGTYYCMQGRESPWTFGQGTKVDIK
PGT121_HC	CAGATGCAGCTGCAGGAGAGCGGCCCCGGCCTGGTGAAGCCCAGCGAGACCCTGAGCCTGACCTGCAGCGTGAGCGGCGCCAGCATCAGCGACAGCTACTGGAGCTGGATCAGGAGGAGCCCCGGCAAGGGCCTGGAGTGGATCGGCTACGTGCACAAGAGCGGCGACACCAACTACAGCCCCAGCCTGAAGAGCAGGGTGAACCTGAGCCTGGACACCAGCAAGAACCAGGTGAGCCTGAGCCTGGTGGCCGCCACCGCCGCCGACAGCGGCAAGTACTACTGCGCCAGGACCCTGCACGGCAGGAGGATCTACGGCATCGTGGCCTTCAACGAGTGGTTCACCTACTTCTACATGGACGTGTGGGGCAACGGCACCCAGGTGACCGTGAGCAGC	GCCAGGACCCTGCACGGCAGGAGGATCTACGGCATCGTGGCCTTCAACGAGTGGTTCACCTACTTCTACATGGACGTG	QMQLQESGPGLVKPSETLSLTCSVSGASISDSYWSWIRRSPGKGLEWIGYVHKSGDTNYSPSLKSRVNLSLDTSKNQVSLSLVAATAADSGKYYCARTLHGRRIYGIVAFNEWFTYFYMDVWGNGTQVTVSSASTKGPSVFPLAPSSKSTSGGTAALGCLVKDYFPEPVTVSWNSGALTSGVHTFPAVLQSSGLYSLSSVVTVPSSSLGTQTYICNVNHKPSNTKVDKKVEPKSCDKTHTCPPCPAPELLGGPSVFLFPPKPKDTLMISRTPEVTCVVVDVSHEDPEVKFNWYVDGVEVHNAKTKPREEQYNSTYRVVSVLTVLHQDWLNGKEYKCKVSNKALPAPIEKTISKAKGQPREPQVYTLPPSREEMTKNQVSLTCLVKGFYPSDIAVEWESNGQPENNYKTTPPVLDSDGSFFLYSKLTVDKSRWQQGNVFSCSVMHEALHNHYTQKSLSLSPGK	CARTLHGRRIYGIVAFNEWFTYFYMDVW	QMQLQESGPGLVKPSETLSLTCSVSGASISDSYWSWIRRSPGKGLEWIGYVHKSGDTNYSPSLKSRVNLSLDTSKNQVSLSLVAATAADSGKYYCARTLHGRRIYGIVAFNEWFTYFYMDVWGNGTQVTVSS
PGT121_LC	AGCGACATCAGCGTGGCCCCCGGCGAGACCGCCAGGATCAGCTGCGGCGAGAAGAGCCTGGGCAGCAGGGCCGTGCAGTGGTACCAGCACAGGGCCGGCCAGGCCCCCAGCCTGATCATCTACAACAACCAGGACAGGCCCAGCGGCATCCCCGAGAGGTTCAGCGGCAGCCCCGACAGCCCCTTCGGCACCACCGCCACCCTGACCATCACCAGCGTGGAGGCCGGCGACGAGGCCGACTACTACTGCCACATCTGGGACAGCAGGGTGCCCACCAAGTGGGTGTTCGGCGGCGGCACCACCCTGACCGTCCTA	CACATCTGGGACAGCAGGGTGCCCACCAAGTGGGTG	SDISVAPGETARISCGEKSLGSRAVQWYQHRAGQAPSLIIYNNQDRPSGIPERFSGSPDSPFGTTATLTITSVEAGDEADYYCHIWDSRVPTKWVFGGGTTLTVLGQPKAAPSVTLFPPSSEELQANKATLVCLISDFYPGAVTVAWKADSSPVKAGVETTTPSKQSNNKYAASSYLSLTPEQWKSHRSYSCQVTHEGSTVEKTVAPTECS	CHIWDSRVPTKWVF	SDISVAPGETARISCGEKSLGSRAVQWYQHRAGQAPSLIIYNNQDRPSGIPERFSGSPDSPFGTTATLTITSVEAGDEADYYCHIWDSRVPTKWVFGGGTTLTVL
Umab_HC	GAGGTGCAGCTGGTGCAGAGCGGCGCCGAGGTGAAGAAGCCCGGCGAGAGCCTGAAGATCAGCTGCAAGGGCAGCGGCTACAGCTTCACCACCTACTGGCTGGGCTGGGTGAGGCAGATGCCCGGCAAGGGCCTGGACTGGATCGGCATCATGAGCCCCGTGGACAGCGACATCAGGTACAGCCCCAGCTTCCAGGGCCAGGTGACCATGAGCGTGGACAAGAGCATCACCACCGCCTACCTGCAGTGGAACAGCCTGAAGGCCAGCGACACCGCCATGTACTACTGCGCCAGGAGGAGGCCCGGCCAGGGCTACTTCGACTTCTGGGGCCAGGGCACCCTGGTGACCGTGAGCAGCAGC	GCCAGGAGGAGGCCCGGCCAGGGCTACTTCGACTTC	EVQLVQSGAEVKKPGESLKISCKGSGYSFTTYWLGWVRQMPGKGLDWIGIMSPVDSDIRYSPSFQGQVTMSVDKSITTAYLQWNSLKASDTAMYYCARRRPGQGYFDFWGQGTLVTVSSSSTKGPSVFPLAPSSKSTSGGTAALGCLVKDYFPEPVTVSWNSGALTSGVHTFPAVLQSSGLYSLSSVVTVPSSSLGTQTYICNVNHKPSNTKVDKRVEPKSCDKTHTCPPCPAPELLGGPSVFLFPPKPKDTLMISRTPEVTCVVVDVSHEDPEVKFNWYVDGVEVHNAKTKPREEQYNSTYRVVSVLTVLHQDWLNGKEYKCKVSNKALPAPIEKTISKAKGQPREPQVYTLPPSRDELTKNQVSLTCLVKGFYPSDIAVEWESNGQPENNYKTTPPVLDSDGSFFLYSKLTVDKSRWQQGNVFSCSVMHEALHNHYTQKSLSLSPGK	CARRRPGQGYFDFW	EVQLVQSGAEVKKPGESLKISCKGSGYSFTTYWLGWVRQMPGKGLDWIGIMSPVDSDIRYSPSFQGQVTMSVDKSITTAYLQWNSLKASDTAMYYCARRRPGQGYFDFWGQGTLVTVSS
Umab_LC	GACATCCAGATGACCCAGAGCCCCAGCAGCCTGAGCGCCAGCGTGGGCGACAGGGTGACCATCACCTGCAGGGCCAGCCAGGGCATCAGCAGCTGGCTGGCCTGGTACCAGCAGAAGCCCGAGAAGGCCCCCAAGAGCCTGATCTACGCCGCCAGCAGCCTGCAGAGCGGCGTGCCCAGCAGGTTCAGCGGCAGCGGCAGCGGCACCGACTTCACCCTGACCATCAGCAGCCTGCAGCCCGAGGACTTCGCCACCTACTACTGCCAGCAGTACAACATCTACCCCTACACCTTCGGCCAGGGCACCAAGCTGGAGATCAAG	CAGCAGTACAACATCTACCCCTACACC	DIQMTQSPSSLSASVGDRVTITCRASQGISSWLAWYQQKPEKAPKSLIYAASSLQSGVPSRFSGSGSGTDFTLTISSLQPEDFATYYCQQYNIYPYTFGQGTKLEIKRTVAAPSVFIFPPSDEQLKSGTASVVCLLNNFYPREAKVQWKVDNALQSGNSQESVTEQDSKDSTYSLSSTLTLSKADYEKHKVYACEVTHQGLSSPVTKSFNRGEC	CQQYNIYPYTF	DIQMTQSPSSLSASVGDRVTITCRASQGISSWLAWYQQKPEKAPKSLIYAASSLQSGVPSRFSGSGSGTDFTLTISSLQPEDFATYYCQQYNIYPYTFGQGTKLEIK
Brimab_HC	CAGGTGCAGCTGGTGGAGAGCGGCGGCGGCGTGGTGCAGCCCGGCAGGAGCCTGAGGCTGAGCTGCGCCGCCAGCGGCTTCACCTTCAGCAGCTACGGCATGCACTGGGTGAGGCAGGCCCCCGGCAAGGGCCTGGAGTGGGTGGCCTTCATCAGGTACGACGGCAGCAACAAGTACTACGCCGACAGCGTGAAGGGCAGGTTCACCATCAGCAGGGACAACAGCAAGAACACCCTGTACCTGCAGATGAACAGCCTGAGGGCCGAGGACACCGCCGTGTACTACTGCAAGACCCACGGCAGCCACGACAACTGGGGCCAGGGCACCATGGTGACCGTGAGCAGC	AAGACCCACGGCAGCCACGACAAC	QVQLVESGGGVVQPGRSLRLSCAASGFTFSSYGMHWVRQAPGKGLEWVAFIRYDGSNKYYADSVKGRFTISRDNSKNTLYLQMNSLRAEDTAVYYCKTHGSHDNWGQGTMVTVSSASTKGPSVFPLAPSSKSTSGGTAALGCLVKDYFPEPVTVSWNSGALTSGVHTFPAVLQSSGLYSLSSVVTVPSSSLGTQTYICNVNHKPSNTKVDKKVEPKSCDKTHTCPPCPAPELLGGPSVFLFPPKPKDTLMISRTPEVTCVVVDVSHEDPEVKFNWYVDGVEVHNAKTKPREEQYNSTYRVVSVLTVLHQDWLNGKEYKCKVSNKALPAPIEKTISKAKGQPREPQVYTLPPSREEMTKNQVSLTCLVKGFYPSDIAVEWESNGQPENNYKTTPPVLDSDGSFFLYSKLTVDKSRWQQGNVFSCSVMHEALHNHYTQKSLSLSRGK	CKTHGSHDNW	QVQLVESGGGVVQPGRSLRLSCAASGFTFSSYGMHWVRQAPGKGLEWVAFIRYDGSNKYYADSVKGRFTISRDNSKNTLYLQMNSLRAEDTAVYYCKTHGSHDNWGQGTMVTVSS
Brimab_LC	CAGAGCGTGCTGACCCAGCCCCCCAGCGTGAGCGGCGCCCCCGGCCAGAGGGTGACCATCAGCTGCAGCGGCAGCAGGAGCAACATCGGCAGCAACACCGTGAAGTGGTACCAGCAGCTGCCCGGCACCGCCCCCAAGCTGCTGATCTACTACAACGACCAGAGGCCCAGCGGCGTGCCCGACAGGTTCAGCGGCAGCAAGAGCGGCACCAGCGCCAGCCTGGCCATCACCGGCCTGCAGGCCGAGGACGAGGCCGACTACTACTGCCAGAGCTACGACAGGTACACCCACCCCGCCCTGCTGTTCGGCACCGGCACCAAGGTGACCGTGCTG	CAGAGCTACGACAGGTACACCCACCCCGCCCTGCTG	QSVLTQPPSVSGAPGQRVTISCSGSRSNIGSNTVKWYQQLPGTAPKLLIYYNDQRPSGVPDRFSGSKSGTSASLAITGLQAEDEADYYCQSYDRYTHPALLFGTGTKVTVLGQPKAAPSVTLFPPSSEELQANKATLVCLISDFYPGAVTVAWKADSSPVKAGVETTTPSKQSNNKYAASSYLSLTPEQWKSHRSYSCQVTHEGSTVEKTVAPTECS	CQSYDRYTHPALLF	QSVLTQPPSVSGAPGQRVTISCSGSRSNIGSNTVKWYQQLPGTAPKLLIYYNDQRPSGVPDRFSGSKSGTSASLAITGLQAEDEADYYCQSYDRYTHPALLFGTGTKVTVL
h9C12-WT_HC	CAGGTGCAGCTGAAGCAGAGCGGCCCCGGCCTGCTGCAGCCCAGCCAGAGACTGAGCATCACCTGCACCGTGAGCGGCTTCAGCCTGGGCAGATACGGCGTGCACTGGATCAGACAGAGCCCCGGCAAGGGCCTGGAGTGGCTGGGCGTGATCTGGAGAGGCGGCACCACCGACTACAACGCCGTGTTCATGAGCAGACTGAGCATCAACAAGGACGACAGCAAGAGCCAGGTGTTCTTCACCATGAACAGCCTGAGACCCGACGACACCGCCATCTACTACTGCGCCAGACAGGGCAGCAACTTCCCCCTGGCCTACTGGGGCCAGGGCACCCTGGTGACCGTGAGCGCC	GCCAGACAGGGCAGCAACTTCCCCCTGGCCTAC	QVQLKQSGPGLLQPSQRLSITCTVSGFSLGRYGVHWIRQSPGKGLEWLGVIWRGGTTDYNAVFMSRLSINKDDSKSQVFFTMNSLRPDDTAIYYCARQGSNFPLAYWGQGTLVTVSAASTKGPSVFPLAPSSKSTSGGTAALGCLVKDYFPEPVTVSWNSGALTSGVHTFPAVLQSSGLYSLSSVVTVPSSSLGTQTYICNVNHKPSNTKVDKKVEPKSCDKTHTCPPCPAPELLGGPSVFLFPPKPKDTLMISRTPEVTCVVVDVSHEDPEVKFNWYVDGVEVHNAKTKPREEQYNSTYRVVSVLTVLHQDWLNGKEYKCKVSNKALPAPIEKTISKAKGQPREPQVYTLPPSRDELTKNQVSLTCLVKGFYPSDIAVEWESNGQPENNYKTTPPVLDSDGSFFLYSKLTVDKSRWQQGNVFSCSVMHEALHNHYTQKSLSLSPGK	CARQGSNFPLAYW	QVQLKQSGPGLLQPSQRLSITCTVSGFSLGRYGVHWIRQSPGKGLEWLGVIWRGGTTDYNAVFMSRLSINKDDSKSQVFFTMNSLRPDDTAIYYCARQGSNFPLAYWGQGTLVTVSA
h9C12-Q97A_HC	CAGGTGCAGCTGAAGCAGAGCGGCCCCGGCCTGCTGCAGCCCAGCCAGAGACTGAGCATCACCTGCACCGTGAGCGGCTTCAGCCTGGGCAGATACGGCGTGCACTGGATCAGACAGAGCCCCGGCAAGGGCCTGGAGTGGCTGGGCGTGATCTGGAGAGGCGGCACCACCGACTACAACGCCGTGTTCATGAGCAGACTGAGCATCAACAAGGACGACAGCAAGAGCCAGGTGTTCTTCACCATGAACAGCCTGAGACCCGACGACACCGCCATCTACTACTGCGCCAGAGCGGGCAGCAACTTCCCCCTGGCCTACTGGGGCCAGGGCACCCTGGTGACCGTGAGCGCC	GCCAGAGCGGGCAGCAACTTCCCCCTGGCCTAC	QVQLKQSGPGLLQPSQRLSITCTVSGFSLGRYGVHWIRQSPGKGLEWLGVIWRGGTTDYNAVFMSRLSINKDDSKSQVFFTMNSLRPDDTAIYYCARAGSNFPLAYWGQGTLVTVSAASTKGPSVFPLAPSSKSTSGGTAALGCLVKDYFPEPVTVSWNSGALTSGVHTFPAVLQSSGLYSLSSVVTVPSSSLGTQTYICNVNHKPSNTKVDKKVEPKSCDKTHTCPPCPAPELLGGPSVFLFPPKPKDTLMISRTPEVTCVVVDVSHEDPEVKFNWYVDGVEVHNAKTKPREEQYNSTYRVVSVLTVLHQDWLNGKEYKCKVSNKALPAPIEKTISKAKGQPREPQVYTLPPSRDELTKNQVSLTCLVKGFYPSDIAVEWESNGQPENNYKTTPPVLDSDGSFFLYSKLTVDKSRWQQGNVFSCSVMHEALHNHYTQKSLSLSPGK	CARAGSNFPLAYW	QVQLKQSGPGLLQPSQRLSITCTVSGFSLGRYGVHWIRQSPGKGLEWLGVIWRGGTTDYNAVFMSRLSINKDDSKSQVFFTMNSLRPDDTAIYYCARAGSNFPLAYWGQGTLVTVS
h9C12_LC	AACATCGTGATGACCCAGACCCCCAAGTTCCTGCTGGTGAGCATCGGCGACAGCATCACCATCACCTGCAAGGCCAGCCAGAGCGTGACCAACGACGCCGCCTGGTACCAGAAGAAGCCCGGCCAGAGCCCCCAGCTGCTGATCTACCAGGCCAGCACCAGATACACCGGCGTGCCCGACAGATTCAGCGGCAGCGGCTACGGCACCGACTTCACCTTCACCATCAGCGCCGTGCAGGCCGAGGACCTGGCCGTGTACTTCTGCCACCAGGACTACAGCAGCCCCCTGACCTTCGGCGCCGGCACCAAGCTGGAGCTGAAG	CACCAGGACTACAGCAGCCCCCTGACC	NIVMTQTPKFLLVSIGDSITITCKASQSVTNDAAWYQKKPGQSPQLLIYQASTRYTGVPDRFSGSGYGTDFTFTISAVQAEDLAVYFCHQDYSSPLTFGAGTKLELKRADAAPTVSIFPPSSEQLTSGGASVVCFLNNFYPKDINVKWKIDGSERQNGVLNSWTDQDSKDSTYSMSSTLTLTKDEYERHNSYTCEATHKTSTSPIVKSFNRNEC	CHQDYSSPLTF	NIVMTQTPKFLLVSIGDSITITCKASQSVTNDAAWYQKKPGQSPQLLIYQASTRYTGVPDRFSGSGYGTDFTFTISAVQAEDLAVYFCHQDYSSPLTFGAGTKLELK