sequence_id	sequence	sequence_aa	locus	stop_codon	vj_in_frame	v_frameshift	productive	rev_comp	complete_vdj	d_frame	v_call	d_call	j_call	c_call	sequence_alignment	germline_alignment	sequence_alignment_aa	germline_alignment_aa	v_alignment_start	v_alignment_end	d_alignment_start	d_alignment_end	j_alignment_start	j_alignment_end	c_alignment_start	c_alignment_end	v_sequence_alignment	v_sequence_alignment_aa	v_germline_alignment	v_germline_alignment_aa	d_sequence_alignment	d_sequence_alignment_aa	d_germline_alignment	d_germline_alignment_aa	j_sequence_alignment	j_sequence_alignment_aa	j_germline_alignment	j_germline_alignment_aa	c_sequence_alignment	c_sequence_alignment_aa	c_germline_alignment	c_germline_alignment_aa	fwr1	fwr1_aa	cdr1	cdr1_aa	fwr2	fwr2_aa	cdr2	cdr2_aa	fwr3	fwr3_aa	fwr4	fwr4_aa	cdr3	cdr3_aa	junction	junction_length	junction_aa	junction_aa_length	v_score	d_score	j_score	c_score	v_cigar	d_cigar	j_cigar	c_cigar	v_support	d_support	j_support	c_support	v_identity	d_identity	j_identity	c_identity	v_sequence_start	v_sequence_end	v_germline_start	v_germline_end	d_sequence_start	d_sequence_end	d_germline_start	d_germline_end	j_sequence_start	j_sequence_end	j_germline_start	j_germline_end	c_sequence_start	c_sequence_end	c_germline_start	c_germline_end	fwr1_start	fwr1_end	cdr1_start	cdr1_end	fwr2_start	fwr2_end	cdr2_start	cdr2_end	fwr3_start	fwr3_end	fwr4_start	fwr4_end	cdr3_start	cdr3_end	np1	np1_length	np2	np2_length
PGDM1400_HC	CAGGCCCAGCTGGTGCAGAGCGGCCCCGAGGTGAGGAAGCCCGGCACCAGCGTGAAGGTGAGCTGCAAGGCCCCCGGCAACACCCTGAAGACCTACGACCTGCACTGGGTGAGGAGCGTGCCCGGCCAGGGCCTGCAGTGGATGGGCTGGATCAGCCACGAGGGCGACAAGAAGGTGATCGTGGAGAGGTTCAAGGCCAAGGTGACCATCGACTGGGACAGGAGCACCAACACCGCCTACCTGCAGCTGAGCGGCCTGACCAGCGGCGACACCGCCGTGTACTACTGCGCCAAGGGCAGCAAGCACAGGCTGAGGGACTACGCCCTGTACGACGACGACGGCGCCCTGAACTGGGCCGTGGACGTGGACTACCTGAGCAACCTGGAGTTCTGGGGCCAGGGCACCGCCGTGACCGTGAGCAGC	QAQLVQSGPEVRKPGTSVKVSCKAPGNTLKTYDLHWVRSVPGQGLQWMGWISHEGDKKVIVERFKAKVTIDWDRSTNTAYLQLSGLTSGDTAVYYCAKGSKHRLRDYALYDDDGALNWAVDVDYLSNLEFWGQGTAVTVSS	IGH	F	T	F	T	F	F		IGHV1-2*02	IGHD4-17*01	IGHJ1*01		CAGGCCCAGCTGGTGCAGAGCGGCCCCGAGGTGAGGAAGCCCGGCACCAGCGTGAAGGTGAGCTGCAAGGCCCCCGGCAACACCCTGAAGACCTACGACCTGCACTGGGTGAGGAGCGTGCCCGGCCAGGGCCTGCAGTGGATGGGCTGGATCAGCCACGAGGGCGACAAGAAGGTGATCGTGGAGAGGTTCAAGGCCAAGGTGACCATCGACTGGGACAGGAGCACCAACACCGCCTACCTGCAGCTGAGCGGCCTGACCAGCGGCGACACCGCCGTGTACTACTGCGCCAAGGGCAGCAAGCACAGGCTGAGGGACTACGCCCTGTACGACGACGACGGCGCCCTGAACTGGGCCGTGGACGTGGACTACCTGAGCAACCTGGAGTTCTGGGGCCAGGGCACC	CAGGTGCAGCTGGTGCAGTCTGGGGCTGAGGTGAAGAAGCCTGGGGCCTCAGTGAAGGTCTCCTGCAAGGCTTCTGGATACACCTTCACCGGCTACTATATGCACTGGGTGCGACAGGCCCCTGGACAAGGGCTTGAGTGGATGGGATGGATCAACCCTAACAGTGGTGGCACAAACTATGCACAGAAGTTTCAGGGCAGGGTCACCATGACCAGGGACACGTCCATCAGCACAGCCTACATGGAGCTGAGCAGGCTGAGATCTGACGACACGGCCGTGTATTACTGTGCNNNNNNNNNNNNNNNNNNNNNNNNNGACTACGNNNNNNNNNNNNNNNNNNNNNNNNNNNNNNNNNNNNNNNNNNNNNNNNNNNNNNNNNNNNNNNNNNNCTGGGGCCAGGGCACC	QAQLVQSGPEVRKPGTSVKVSCKAPGNTLKTYDLHWVRSVPGQGLQWMGWISHEGDKKVIVERFKAKVTIDWDRSTNTAYLQLSGLTSGDTAVYYCAKGSKHRLRDYALYDDDGALNWAVDVDYLSNLEFWGQGT	QVQLVQSGAEVKKPGASVKVSCKASGYTFTGYYMHWVRQAPGQGLEWMGWINPNSGGTNYAQKFQGRVTMTRDTSISTAYMELSRLRSDDTAVYYCAXXXXXXXXDYXXXXXXXXXXXXXXXXXXXXXXXWGQGT	1	290	316	322	390	405			CAGGCCCAGCTGGTGCAGAGCGGCCCCGAGGTGAGGAAGCCCGGCACCAGCGTGAAGGTGAGCTGCAAGGCCCCCGGCAACACCCTGAAGACCTACGACCTGCACTGGGTGAGGAGCGTGCCCGGCCAGGGCCTGCAGTGGATGGGCTGGATCAGCCACGAGGGCGACAAGAAGGTGATCGTGGAGAGGTTCAAGGCCAAGGTGACCATCGACTGGGACAGGAGCACCAACACCGCCTACCTGCAGCTGAGCGGCCTGACCAGCGGCGACACCGCCGTGTACTACTGCGC	QAQLVQSGPEVRKPGTSVKVSCKAPGNTLKTYDLHWVRSVPGQGLQWMGWISHEGDKKVIVERFKAKVTIDWDRSTNTAYLQLSGLTSGDTAVYYCA	CAGGTGCAGCTGGTGCAGTCTGGGGCTGAGGTGAAGAAGCCTGGGGCCTCAGTGAAGGTCTCCTGCAAGGCTTCTGGATACACCTTCACCGGCTACTATATGCACTGGGTGCGACAGGCCCCTGGACAAGGGCTTGAGTGGATGGGATGGATCAACCCTAACAGTGGTGGCACAAACTATGCACAGAAGTTTCAGGGCAGGGTCACCATGACCAGGGACACGTCCATCAGCACAGCCTACATGGAGCTGAGCAGGCTGAGATCTGACGACACGGCCGTGTATTACTGTGC	QVQLVQSGAEVKKPGASVKVSCKASGYTFTGYYMHWVRQAPGQGLEWMGWINPNSGGTNYAQKFQGRVTMTRDTSISTAYMELSRLRSDDTAVYYCA	GACTACG	DY	GACTACG	DY	CTGGGGCCAGGGCACC	WGQGT	CTGGGGCCAGGGCACC	WGQGT					CAGGCCCAGCTGGTGCAGAGCGGCCCCGAGGTGAGGAAGCCCGGCACCAGCGTGAAGGTGAGCTGCAAGGCCCCC	QAQLVQSGPEVRKPGTSVKVSCKAP	GGCAACACCCTGAAGACCTACGAC	GNTLKTYD	CTGCACTGGGTGAGGAGCGTGCCCGGCCAGGGCCTGCAGTGGATGGGCTGG	LHWVRSVPGQGLQWMGW	ATCAGCCACGAGGGCGACAAGAAG	ISHEGDKK	GTGATCGTGGAGAGGTTCAAGGCCAAGGTGACCATCGACTGGGACAGGAGCACCAACACCGCCTACCTGCAGCTGAGCGGCCTGACCAGCGGCGACACCGCCGTGTACTACTGC	VIVERFKAKVTIDWDRSTNTAYLQLSGLTSGDTAVYYC	TGGGGCCAGGGCACC	WGQGT	GCCAAGGGCAGCAAGCACAGGCTGAGGGACTACGCCCTGTACGACGACGACGGCGCCCTGAACTGGGCCGTGGACGTGGACTACCTGAGCAACCTGGAGTTC	AKGSKHRLRDYALYDDDGALNWAVDVDYLSNLEF	TGCGCCAAGGGCAGCAAGCACAGGCTGAGGGACTACGCCCTGTACGACGACGACGGCGCCCTGAACTGGGCCGTGGACGTGGACTACCTGAGCAACCTGGAGTTCTGG	108	CAKGSKHRLRDYALYDDDGALNWAVDVDYLSNLEFW	36	148.299	14.146	31.450		290M133S6N	315S1N7M101S8N	389S17N16M18S19N		1.473e-37	1.251e+01	1.508e-04		66.207	100.000	100.000		1	290	1	290	316	322	2	8	390	405	18	33					1	75	76	99	100	150	151	174	175	288	391	405	289	390	CAAGGGCAGCAAGCACAGGCTGAGG	25	CCCTGTACGACGACGACGGCGCCCTGAACTGGGCCGTGGACGTGGACTACCTGAGCAACCTGGAGTT	67
PGDM1400_LC	GACTTCGTGCTGACCCAGAGCCCCCACAGCCTGAGCGTGACCCCCGGCGAGAGCGCCAGCATCAGCTGCAAGAGCAGCCACAGCCTGATCCACGGCGACAGGAACAACTACCTGGCCTGGTACGTGCAGAAGCCCGGCAGGAGCCCCCAGCTGCTGATCTACCTGGCCAGCAGCAGGGCCAGCGGCGTGCCCGACAGGTTCAGCGGCAGCGGCAGCGACAAGGACTTCACCCTGAAGATCAGCAGGGTGGAGACCGAGGACGTGGGCACCTACTACTGCATGCAGGGCAGGGAGAGCCCCTGGACCTTCGGCCAGGGCACCAAGGTGGACATCAAG	VLTQSPHSLSVTPGESASISCKSSHSLIHGDRNNYLAWYVQKPGRSPQLLIYLASSRASGVPDRFSGSGSDKDFTLKISRVETEDVGTYYCMQGRESPWTFGQGTKVDIK	IGK	F	T	F	T	F	F		IGKV2-29*03		IGKJ1*01		GTGCTGACCCAGAGCCCCCACAGCCTGAGCGTGACCCCCGGCGAGAGCGCCAGCATCAGCTGCAAGAGCAGCCACAGCCTGATCCACGGCGACAGGAACAACTACCTGGCCTGGTACGTGCAGAAGCCCGGCAGGAGCCCCCAGCTGCTGATCTACCTGGCCAGCAGCAGGGCCAGCGGCGTGCCCGACAGGTTCAGCGGCAGCGGCAGCGACAAGGACTTCACCCTGAAGATCAGCAGGGTGGAGACCGAGGACGTGGGCACCTACTACTGCATGCAGGGCAGGGAGAGCCCCTGGACCTTCGGCCAGGGCACCAAGGTGGACATCAA	GTGATGACCCAGACTCCACTCTCTCTGTCCGTCACCCCTGGACAGCCGGCCTCCATCTCCTGCAAGTCTAGTCAGAGCCTCCTGCATAGTGATGGAAAGACCTATTTGTATTGGTACCTGCAGAAGCCAGGCCAGTCTCCACAGCTCCTGATCTATGAAGTTTCCAGCCGGTTCTCTGGAGTGCCAGATAGGTTCAGTGGCAGCGGGTCAGGGACAGATTTCACACTGAAAATCAGCCGGGTGGAGGCTGAGGATGTTGGGGTTTATTACTGCATGCAAGGNNNNNNNNNNNNNTGGACGTTCGGCCAAGGGACCAAGGTGGAAATCAA	VLTQSPHSLSVTPGESASISCKSSHSLIHGDRNNYLAWYVQKPGRSPQLLIYLASSRASGVPDRFSGSGSDKDFTLKISRVETEDVGTYYCMQGRESPWTFGQGTKVDI	VMTQTPLSLSVTPGQPASISCKSSQSLLHSDGKTYLYWYLQKPGQSPQLLIYEVSSRFSGVPDRFSGSGSGTDFTLKISRVEAEDVGVYYCMQGXXXXWTFGQGTKVEI	1	281			295	329			GTGCTGACCCAGAGCCCCCACAGCCTGAGCGTGACCCCCGGCGAGAGCGCCAGCATCAGCTGCAAGAGCAGCCACAGCCTGATCCACGGCGACAGGAACAACTACCTGGCCTGGTACGTGCAGAAGCCCGGCAGGAGCCCCCAGCTGCTGATCTACCTGGCCAGCAGCAGGGCCAGCGGCGTGCCCGACAGGTTCAGCGGCAGCGGCAGCGACAAGGACTTCACCCTGAAGATCAGCAGGGTGGAGACCGAGGACGTGGGCACCTACTACTGCATGCAGGG	VLTQSPHSLSVTPGESASISCKSSHSLIHGDRNNYLAWYVQKPGRSPQLLIYLASSRASGVPDRFSGSGSDKDFTLKISRVETEDVGTYYCMQG	GTGATGACCCAGACTCCACTCTCTCTGTCCGTCACCCCTGGACAGCCGGCCTCCATCTCCTGCAAGTCTAGTCAGAGCCTCCTGCATAGTGATGGAAAGACCTATTTGTATTGGTACCTGCAGAAGCCAGGCCAGTCTCCACAGCTCCTGATCTATGAAGTTTCCAGCCGGTTCTCTGGAGTGCCAGATAGGTTCAGTGGCAGCGGGTCAGGGACAGATTTCACACTGAAAATCAGCCGGGTGGAGGCTGAGGATGTTGGGGTTTATTACTGCATGCAAGG	VMTQTPLSLSVTPGQPASISCKSSQSLLHSDGKTYLYWYLQKPGQSPQLLIYEVSSRFSGVPDRFSGSGSGTDFTLKISRVEAEDVGVYYCMQG					TGGACCTTCGGCCAGGGCACCAAGGTGGACATCAA	WTFGQGTKVDI	TGGACGTTCGGCCAAGGGACCAAGGTGGAAATCAA	WTFGQGTKVEI					GTGCTGACCCAGAGCCCCCACAGCCTGAGCGTGACCCCCGGCGAGAGCGCCAGCATCAGCTGCAAGAGCAGC	VLTQSPHSLSVTPGESASISCKSS	CACAGCCTGATCCACGGCGACAGGAACAACTAC	HSLIHGDRNNY	CTGGCCTGGTACGTGCAGAAGCCCGGCAGGAGCCCCCAGCTGCTGATCTAC	LAWYVQKPGRSPQLLIY	CTGGCCAGC	LAS	AGCAGGGCCAGCGGCGTGCCCGACAGGTTCAGCGGCAGCGGCAGCGACAAGGACTTCACCCTGAAGATCAGCAGGGTGGAGACCGAGGACGTGGGCACCTACTACTGC	SRASGVPDRFSGSGSDKDFTLKISRVETEDVGTYYC	TTCGGCCAGGGCACCAAGGTGGACATCAA	FGQGTKVDI	ATGCAGGGCAGGGAGAGCCCCTGGACC	MQGRESPWT	TGCATGCAGGGCAGGGAGAGCCCCTGGACCTTC	33	CMQGRESPWTF	11	156.089		44.909		6S6N281M49S15N		300S1N35M1S2N		5.189e-40		1.091e-08		67.616		88.571		7	287	7	287					301	335	2	36					7	78	79	111	112	162	163	171	172	279	307	335	280	306	CAGGGAGAGCCCC	13		
PGT121_HC	CAGATGCAGCTGCAGGAGAGCGGCCCCGGCCTGGTGAAGCCCAGCGAGACCCTGAGCCTGACCTGCAGCGTGAGCGGCGCCAGCATCAGCGACAGCTACTGGAGCTGGATCAGGAGGAGCCCCGGCAAGGGCCTGGAGTGGATCGGCTACGTGCACAAGAGCGGCGACACCAACTACAGCCCCAGCCTGAAGAGCAGGGTGAACCTGAGCCTGGACACCAGCAAGAACCAGGTGAGCCTGAGCCTGGTGGCCGCCACCGCCGCCGACAGCGGCAAGTACTACTGCGCCAGGACCCTGCACGGCAGGAGGATCTACGGCATCGTGGCCTTCAACGAGTGGTTCACCTACTTCTACATGGACGTGTGGGGCAACGGCACCCAGGTGACCGTGAGCAGC	QMQLQESGPGLVKPSETLSLTCSVSGASISDSYWSWIRRSPGKGLEWIGYVHKSGDTNYSPSLKSRVNLSLDTSKNQVSLSLVAATAADSGKYYCARTLHGRRIYGIVAFNEWFTYFYMDVWGNGTQVTVSS	IGH	F	T	F	T	F	F		IGHV4-4*08	IGHD3-3*01	IGHJ6*03		CAGATGCAGCTGCAGGAGAGCGGCCCCGGCCTGGTGAAGCCCAGCGAGACCCTGAGCCTGACCTGCAGCGTGAGCGGCGCCAGCATCAGCGACAGCTACTGGAGCTGGATCAGGAGGAGCCCCGGCAAGGGCCTGGAGTGGATCGGCTACGTGCACAAGAGCGGCGACACCAACTACAGCCCCAGCCTGAAGAGCAGGGTGAACCTGAGCCTGGACACCAGCAAGAACCAGGTGAGCCTGAGCCTGGTGGCCGCCACCGCCGCCGACAGCGGCAAGTACTACTGCGCCAGGACCCTGCACGGCAGGAGGATCTACGGCATCGTGGCCTTCAACGAGTGGTTCACCTACTTCTACATGGACGTGTGGGGCAACGGCACCCAGGTGACCGT	CAGGTGCAGCTGCAGGAGTCGGGCCCAGGACTGGTGAAGCCTTCGGAGACCCTGTCCCTCACCTGCACTGTCTCTGGTGGCTCCATCAGTAGTTACTACTGGAGCTGGATCCGGCAGCCCCCAGGGAAGGGACTGGAGTGGATTGGGTATATCTATACCAGTGGGAGCACCAACTACAACCCCTCCCTCAAGAGTCGAGTCACCATATCCGTAGACACGTCCAAGAACCAGTTCTCCCTGAAGCTGAGCTCTGTGACCGCCGCAGACACGGCCGTGTATTACTGTGCGAGNNNNNNNNNNNNNNNNNNNNNNNNNNNNNNNNNNNNNNNNNNNGAGTGGTTNNNCTACTACTACATGGACGTCTGGGGCAAAGGGACCACGGTCACCGT	QMQLQESGPGLVKPSETLSLTCSVSGASISDSYWSWIRRSPGKGLEWIGYVHKSGDTNYSPSLKSRVNLSLDTSKNQVSLSLVAATAADSGKYYCARTLHGRRIYGIVAFNEWFTYFYMDVWGNGTQVTV	QVQLQESGPGLVKPSETLSLTCTVSGGSISSYYWSWIRQPPGKGLEWIGYIYTSGSTNYNPSLKSRVTISVDTSKNQFSLKLSSVTAADTAVYYCAXXXXXXXXXXXXXXXEWXXYYYMDVWGKGTTVTV	1	290	334	341	345	389			CAGATGCAGCTGCAGGAGAGCGGCCCCGGCCTGGTGAAGCCCAGCGAGACCCTGAGCCTGACCTGCAGCGTGAGCGGCGCCAGCATCAGCGACAGCTACTGGAGCTGGATCAGGAGGAGCCCCGGCAAGGGCCTGGAGTGGATCGGCTACGTGCACAAGAGCGGCGACACCAACTACAGCCCCAGCCTGAAGAGCAGGGTGAACCTGAGCCTGGACACCAGCAAGAACCAGGTGAGCCTGAGCCTGGTGGCCGCCACCGCCGCCGACAGCGGCAAGTACTACTGCGCCAG	QMQLQESGPGLVKPSETLSLTCSVSGASISDSYWSWIRRSPGKGLEWIGYVHKSGDTNYSPSLKSRVNLSLDTSKNQVSLSLVAATAADSGKYYCA	CAGGTGCAGCTGCAGGAGTCGGGCCCAGGACTGGTGAAGCCTTCGGAGACCCTGTCCCTCACCTGCACTGTCTCTGGTGGCTCCATCAGTAGTTACTACTGGAGCTGGATCCGGCAGCCCCCAGGGAAGGGACTGGAGTGGATTGGGTATATCTATACCAGTGGGAGCACCAACTACAACCCCTCCCTCAAGAGTCGAGTCACCATATCCGTAGACACGTCCAAGAACCAGTTCTCCCTGAAGCTGAGCTCTGTGACCGCCGCAGACACGGCCGTGTATTACTGTGCGAG	QVQLQESGPGLVKPSETLSLTCTVSGGSISSYYWSWIRQPPGKGLEWIGYIYTSGSTNYNPSLKSRVTISVDTSKNQFSLKLSSVTAADTAVYYCA	GAGTGGTT	EW	GAGTGGTT	EW	CTACTTCTACATGGACGTGTGGGGCAACGGCACCCAGGTGACCGT	YFYMDVWGNGTQVTV	CTACTACTACATGGACGTCTGGGGCAAAGGGACCACGGTCACCGT	YYYMDVWGKGTTVTV					CAGATGCAGCTGCAGGAGAGCGGCCCCGGCCTGGTGAAGCCCAGCGAGACCCTGAGCCTGACCTGCAGCGTGAGC	QMQLQESGPGLVKPSETLSLTCSVS	GGCGCCAGCATCAGCGACAGCTAC	GASISDSY	TGGAGCTGGATCAGGAGGAGCCCCGGCAAGGGCCTGGAGTGGATCGGCTAC	WSWIRRSPGKGLEWIGY	GTGCACAAGAGCGGCGACACC	VHKSGDT	AACTACAGCCCCAGCCTGAAGAGCAGGGTGAACCTGAGCCTGGACACCAGCAAGAACCAGGTGAGCCTGAGCCTGGTGGCCGCCACCGCCGCCGACAGCGGCAAGTACTACTGC	NYSPSLKSRVNLSLDTSKNQVSLSLVAATAADSGKYYC	TGGGGCAACGGCACCCAGGTGACCGT	WGNGTQVTV	GCCAGGACCCTGCACGGCAGGAGGATCTACGGCATCGTGGCCTTCAACGAGTGGTTCACCTACTTCTACATGGACGTG	ARTLHGRRIYGIVAFNEWFTYFYMDV	TGCGCCAGGACCCTGCACGGCAGGAGGATCTACGGCATCGTGGCCTTCAACGAGTGGTTCACCTACTTCTACATGGACGTGTGG	84	CARTLHGRRIYGIVAFNEWFTYFYMDVW	28	173.229	16.069	46.832		290M106S3N	333S15N8M55S8N	344S10N45M7S7N		4.295e-45	3.083e+00	3.301e-09		68.966	100.000	84.444		1	290	1	290	334	341	16	23	345	389	11	55					1	75	76	99	100	150	151	171	172	285	364	389	286	363	GACCCTGCACGGCAGGAGGATCTACGGCATCGTGGCCTTCAAC	43	CAC	3
PGT121_LC	AGCGACATCAGCGTGGCCCCCGGCGAGACCGCCAGGATCAGCTGCGGCGAGAAGAGCCTGGGCAGCAGGGCCGTGCAGTGGTACCAGCACAGGGCCGGCCAGGCCCCCAGCCTGATCATCTACAACAACCAGGACAGGCCCAGCGGCATCCCCGAGAGGTTCAGCGGCAGCCCCGACAGCCCCTTCGGCACCACCGCCACCCTGACCATCACCAGCGTGGAGGCCGGCGACGAGGCCGACTACTACTGCCACATCTGGGACAGCAGGGTGCCCACCAAGTGGGTGTTCGGCGGCGGCACCACCCTGACCGTCCTA	VAPGETARISCGEKSLGSRAVQWYQHRAGQAPSLIIYNNQDRPSGIPERFSGSPDSPFGTTATLTITSVEAGDEADYYCHIWDSRVPTKWVFGGGTTLTVL	IGL	F	T	F	T	F	F		IGLV3-21*01		IGLJ3*02		GTGGCCCCCGGCGAGACCGCCAGGATCAGCTGCGGCGAGAAGAGCCTGGGCAGCAGGGCCGTGCAGTGGTACCAGCACAGGGCCGGCCAGGCCCCCAGCCTGATCATCTACAACAACCAGGACAGGCCCAGCGGCATCCCCGAGAGGTTCAGCGGCAGCCCCGACAGCCCCTTCGGCACCACCGCCACCCTGACCATCACCAGCGTGGAGGCCGGCGACGAGGCCGACTACTACTGCCACATCTGGGACAGCAGGGTGCCCACCAAGTGGGTGTTCGGCGGCGGCACCACCCTGACCGTCCTA	GTGGCCCCAGGAAAGACGGCCAGGATTACCTGTGGGGGAAACAACATTGGAAGTAAAAGTGTGCACTGGTACCAGCAGAAGCCAGGCCAGGCCCCTGTGCTGGTCATCTATTATGATAGCGACCGGCCCTCAGGGATCCCTGAGCGATT---------CTCTGGCTCCAACTCTGGGAACACGGCCACCCTGACCATCAGCAGGGTCGAAGCCGGGGATGAGGCCGACTATTACTGTCAGGTGTGGGACAGTAGNNNNNNNNNNNNNTGGGTGTTCGGCGGAGGGACCAAGCTGACCGTCCTA	VAPGETARISCGEKSLGSRAVQWYQHRAGQAPSLIIYNNQDRPSGIPERFSGSPDSPFGTTATLTITSVEAGDEADYYCHIWDSRVPTKWVFGGGTTLTVL	VAPGKTARITCGGNNIGSKSVHWYQQKPGQAPVLVIYYDSDRPSGIPERF---SGSNSGNTATLTISRVEAGDEADYYCQVWDSXXXXXWVFGGGTKLTVL	1	254			268	303			GTGGCCCCCGGCGAGACCGCCAGGATCAGCTGCGGCGAGAAGAGCCTGGGCAGCAGGGCCGTGCAGTGGTACCAGCACAGGGCCGGCCAGGCCCCCAGCCTGATCATCTACAACAACCAGGACAGGCCCAGCGGCATCCCCGAGAGGTTCAGCGGCAGCCCCGACAGCCCCTTCGGCACCACCGCCACCCTGACCATCACCAGCGTGGAGGCCGGCGACGAGGCCGACTACTACTGCCACATCTGGGACAGCAG	VAPGETARISCGEKSLGSRAVQWYQHRAGQAPSLIIYNNQDRPSGIPERFSGSPDSPFGTTATLTITSVEAGDEADYYCHIWDS	GTGGCCCCAGGAAAGACGGCCAGGATTACCTGTGGGGGAAACAACATTGGAAGTAAAAGTGTGCACTGGTACCAGCAGAAGCCAGGCCAGGCCCCTGTGCTGGTCATCTATTATGATAGCGACCGGCCCTCAGGGATCCCTGAGCGATT---------CTCTGGCTCCAACTCTGGGAACACGGCCACCCTGACCATCAGCAGGGTCGAAGCCGGGGATGAGGCCGACTATTACTGTCAGGTGTGGGACAGTAG	VAPGKTARITCGGNNIGSKSVHWYQQKPGQAPVLVIYYDSDRPSGIPERF---SGSNSGNTATLTISRVEAGDEADYYCQVWDS					TGGGTGTTCGGCGGCGGCACCACCCTGACCGTCCTA	WVFGGGTTLTVL	TGGGTGTTCGGCGGAGGGACCAAGCTGACCGTCCTA	WVFGGGTKLTVL					GTGGCCCCCGGCGAGACCGCCAGGATCAGCTGCGGCGAGAAG	VAPGETARISCGEK	AGCCTGGGCAGCAGGGCC	SLGSRA	GTGCAGTGGTACCAGCACAGGGCCGGCCAGGCCCCCAGCCTGATCATCTAC	VQWYQHRAGQAPSLIIY	AACAACCAG	NNQ	GACAGGCCCAGCGGCATCCCCGAGAGGTTCAGCGGCAGCCCCGACAGCCCCTTCGGCACCACCGCCACCCTGACCATCACCAGCGTGGAGGCCGGCGACGAGGCCGACTACTACTGC	DRPSGIPERFSGSPDSPFGTTATLTITSVEAGDEADYYC	TTCGGCGGCGGCACCACCCTGACCGTCCTA	FGGGTTLTVL	CACATCTGGGACAGCAGGGTGCCCACCAAGTGGGTG	HIWDSRVPTKWV	TGCCACATCTGGGACAGCAGGGTGCCCACCAAGTGGGTGTTC	42	CHIWDSRVPTKWVF	14	142.066		46.832		12S33N149M9I96M49S12N		279S1N36M1N		8.049e-36		2.693e-09		68.504		88.889		13	266	34	278					280	315	2	37					13	54	55	72	73	123	124	132	133	249	286	315	250	285	GGTGCCCACCAAG	13		
Ust_HC	GAGGTGCAGCTGGTGCAGAGCGGCGCCGAGGTGAAGAAGCCCGGCGAGAGCCTGAAGATCAGCTGCAAGGGCAGCGGCTACAGCTTCACCACCTACTGGCTGGGCTGGGTGAGGCAGATGCCCGGCAAGGGCCTGGACTGGATCGGCATCATGAGCCCCGTGGACAGCGACATCAGGTACAGCCCCAGCTTCCAGGGCCAGGTGACCATGAGCGTGGACAAGAGCATCACCACCGCCTACCTGCAGTGGAACAGCCTGAAGGCCAGCGACACCGCCATGTACTACTGCGCCAGGAGGAGGCCCGGCCAGGGCTACTTCGACTTCTGGGGCCAGGGCACCCTGGTGACCGTGAGCAGCAGC	EVQLVQSGAEVKKPGESLKISCKGSGYSFTTYWLGWVRQMPGKGLDWIGIMSPVDSDIRYSPSFQGQVTMSVDKSITTAYLQWNSLKASDTAMYYCARRRPGQGYFDFWGQGTLVTVSSS	IGH	F	T	F	T	F	F		IGHV5-51*01	IGHD3-10*03	IGHJ4*02		GAGGTGCAGCTGGTGCAGAGCGGCGCCGAGGTGAAGAAGCCCGGCGAGAGCCTGAAGATCAGCTGCAAGGGCAGCGGCTACAGCTTCACCACCTACTGGCTGGGCTGGGTGAGGCAGATGCCCGGCAAGGGCCTGGACTGGATCGGCATCATGAGCCCCGTGGACAGCGACATCAGGTACAGCCCCAGCTTCCAGGGCCAGGTGACCATGAGCGTGGACAAGAGCATCACCACCGCCTACCTGCAGTGGAACAGCCTGAAGGCCAGCGACACCGCCATGTACTACTGCGCCAGGAGGAGGCCCGGCCAGGGCTACTTCGACTTCTGGGGCCAGGGCACCCTGGTGACCGT	GAGGTGCAGCTGGTGCAGTCTGGAGCAGAGGTGAAAAAGCCCGGGGAGTCTCTGAAGATCTCCTGTAAGGGTTCTGGATACAGCTTTACCAGCTACTGGATCGGCTGGGTGCGCCAGATGCCCGGGAAAGGCCTGGAGTGGATGGGGATCATCTATCCTGGTGACTCTGATACCAGATACAGCCCGTCCTTCCAAGGCCAGGTCACCATCTCAGCCGACAAGTCCATCAGCACCGCCTACCTGCAGTGGAGCAGCCTGAAGGCCTCGGACACCGCCATGTATTACTGTGCGAGNNNNNNNNNNNNNCAGGGCTACTTTGACTACTGGGGCCAGGGAACCCTGGTCACCGT	EVQLVQSGAEVKKPGESLKISCKGSGYSFTTYWLGWVRQMPGKGLDWIGIMSPVDSDIRYSPSFQGQVTMSVDKSITTAYLQWNSLKASDTAMYYCARRRPGQGYFDFWGQGTLVTV	EVQLVQSGAEVKKPGESLKISCKGSGYSFTSYWIGWVRQMPGKGLEWMGIIYPGDSDTRYSPSFQGQVTISADKSISTAYLQWSSLKASDTAMYYCAXXXXXQGYFDYWGQGTLVTV	1	293	307	311	312	350			GAGGTGCAGCTGGTGCAGAGCGGCGCCGAGGTGAAGAAGCCCGGCGAGAGCCTGAAGATCAGCTGCAAGGGCAGCGGCTACAGCTTCACCACCTACTGGCTGGGCTGGGTGAGGCAGATGCCCGGCAAGGGCCTGGACTGGATCGGCATCATGAGCCCCGTGGACAGCGACATCAGGTACAGCCCCAGCTTCCAGGGCCAGGTGACCATGAGCGTGGACAAGAGCATCACCACCGCCTACCTGCAGTGGAACAGCCTGAAGGCCAGCGACACCGCCATGTACTACTGCGCCAG	EVQLVQSGAEVKKPGESLKISCKGSGYSFTTYWLGWVRQMPGKGLDWIGIMSPVDSDIRYSPSFQGQVTMSVDKSITTAYLQWNSLKASDTAMYYCA	GAGGTGCAGCTGGTGCAGTCTGGAGCAGAGGTGAAAAAGCCCGGGGAGTCTCTGAAGATCTCCTGTAAGGGTTCTGGATACAGCTTTACCAGCTACTGGATCGGCTGGGTGCGCCAGATGCCCGGGAAAGGCCTGGAGTGGATGGGGATCATCTATCCTGGTGACTCTGATACCAGATACAGCCCGTCCTTCCAAGGCCAGGTCACCATCTCAGCCGACAAGTCCATCAGCACCGCCTACCTGCAGTGGAGCAGCCTGAAGGCCTCGGACACCGCCATGTATTACTGTGCGAG	EVQLVQSGAEVKKPGESLKISCKGSGYSFTSYWIGWVRQMPGKGLEWMGIIYPGDSDTRYSPSFQGQVTISADKSISTAYLQWSSLKASDTAMYYCA	CAGGG	QG	CAGGG	QG	CTACTTCGACTTCTGGGGCCAGGGCACCCTGGTGACCGT	YFDFWGQGTLVTV	CTACTTTGACTACTGGGGCCAGGGAACCCTGGTCACCGT	YFDYWGQGTLVTV					GAGGTGCAGCTGGTGCAGAGCGGCGCCGAGGTGAAGAAGCCCGGCGAGAGCCTGAAGATCAGCTGCAAGGGCAGC	EVQLVQSGAEVKKPGESLKISCKGS	GGCTACAGCTTCACCACCTACTGG	GYSFTTYW	CTGGGCTGGGTGAGGCAGATGCCCGGCAAGGGCCTGGACTGGATCGGCATC	LGWVRQMPGKGLDWIGI	ATGAGCCCCGTGGACAGCGACATC	MSPVDSDI	AGGTACAGCCCCAGCTTCCAGGGCCAGGTGACCATGAGCGTGGACAAGAGCATCACCACCGCCTACCTGCAGTGGAACAGCCTGAAGGCCAGCGACACCGCCATGTACTACTGC	RYSPSFQGQVTMSVDKSITTAYLQWNSLKASDTAMYYC	TGGGGCCAGGGCACCCTGGTGACCGT	WGQGTLVTV	GCCAGGAGGAGGCCCGGCCAGGGCTACTTCGACTTC	ARRRPGQGYFDF	TGCGCCAGGAGGAGGCCCGGCCAGGGCTACTTCGACTTCTGG	42	CARRRPGQGYFDFW	14	262.041	10.301	52.600		293M67S3N	306S14N5M49S12N	311S1N39M10S8N		7.130e-72	1.523e+02	5.671e-11		78.498	100.000	89.744		1	293	1	293	307	311	15	19	312	350	2	40					1	75	76	99	100	150	151	174	175	288	325	350	289	324	GAGGAGGCCCGGC	13		0
Ust_LC	GACATCCAGATGACCCAGAGCCCCAGCAGCCTGAGCGCCAGCGTGGGCGACAGGGTGACCATCACCTGCAGGGCCAGCCAGGGCATCAGCAGCTGGCTGGCCTGGTACCAGCAGAAGCCCGAGAAGGCCCCCAAGAGCCTGATCTACGCCGCCAGCAGCCTGCAGAGCGGCGTGCCCAGCAGGTTCAGCGGCAGCGGCAGCGGCACCGACTTCACCCTGACCATCAGCAGCCTGCAGCCCGAGGACTTCGCCACCTACTACTGCCAGCAGTACAACATCTACCCCTACACCTTCGGCCAGGGCACCAAGCTGGAGATCAAG	DIQMTQSPSSLSASVGDRVTITCRASQGISSWLAWYQQKPEKAPKSLIYAASSLQSGVPSRFSGSGSGTDFTLTISSLQPEDFATYYCQQYNIYPYTFGQGTKLEIK	IGK	F	T	F	T	F	F		IGKV1D-16*01		IGKJ2*01		GACATCCAGATGACCCAGAGCCCCAGCAGCCTGAGCGCCAGCGTGGGCGACAGGGTGACCATCACCTGCAGGGCCAGCCAGGGCATCAGCAGCTGGCTGGCCTGGTACCAGCAGAAGCCCGAGAAGGCCCCCAAGAGCCTGATCTACGCCGCCAGCAGCCTGCAGAGCGGCGTGCCCAGCAGGTTCAGCGGCAGCGGCAGCGGCACCGACTTCACCCTGACCATCAGCAGCCTGCAGCCCGAGGACTTCGCCACCTACTACTGCCAGCAGTACAACATCTACCCCTACACCTTCGGCCAGGGCACCAAGCTGGAGATCAA	GACATCCAGATGACCCAGTCTCCATCCTCACTGTCTGCATCTGTAGGAGACAGAGTCACCATCACTTGTCGGGCGAGTCAGGGTATTAGCAGCTGGTTAGCCTGGTATCAGCAGAAACCAGAGAAAGCCCCTAAGTCCCTGATCTATGCTGCATCCAGTTTGCAAAGTGGGGTCCCATCAAGGTTCAGCGGCAGTGGATCTGGGACAGATTTCACTCTCACCATCAGCAGCCTGCAGCCTGAAGATTTTGCAACTTATTACTGCCAACAGTATAATAGTTACCCNTACACTTTTGGCCAGGGGACCAAGCTGGAGATCAA	DIQMTQSPSSLSASVGDRVTITCRASQGISSWLAWYQQKPEKAPKSLIYAASSLQSGVPSRFSGSGSGTDFTLTISSLQPEDFATYYCQQYNIYPYTFGQGTKLEI	DIQMTQSPSSLSASVGDRVTITCRASQGISSWLAWYQQKPEKAPKSLIYAASSLQSGVPSRFSGSGSGTDFTLTISSLQPEDFATYYCQQYNSYPYTFGQGTKLEI	1	284			286	320			GACATCCAGATGACCCAGAGCCCCAGCAGCCTGAGCGCCAGCGTGGGCGACAGGGTGACCATCACCTGCAGGGCCAGCCAGGGCATCAGCAGCTGGCTGGCCTGGTACCAGCAGAAGCCCGAGAAGGCCCCCAAGAGCCTGATCTACGCCGCCAGCAGCCTGCAGAGCGGCGTGCCCAGCAGGTTCAGCGGCAGCGGCAGCGGCACCGACTTCACCCTGACCATCAGCAGCCTGCAGCCCGAGGACTTCGCCACCTACTACTGCCAGCAGTACAACATCTACCC	DIQMTQSPSSLSASVGDRVTITCRASQGISSWLAWYQQKPEKAPKSLIYAASSLQSGVPSRFSGSGSGTDFTLTISSLQPEDFATYYCQQYNIYP	GACATCCAGATGACCCAGTCTCCATCCTCACTGTCTGCATCTGTAGGAGACAGAGTCACCATCACTTGTCGGGCGAGTCAGGGTATTAGCAGCTGGTTAGCCTGGTATCAGCAGAAACCAGAGAAAGCCCCTAAGTCCCTGATCTATGCTGCATCCAGTTTGCAAAGTGGGGTCCCATCAAGGTTCAGCGGCAGTGGATCTGGGACAGATTTCACTCTCACCATCAGCAGCCTGCAGCCTGAAGATTTTGCAACTTATTACTGCCAACAGTATAATAGTTACCC	DIQMTQSPSSLSASVGDRVTITCRASQGISSWLAWYQQKPEKAPKSLIYAASSLQSGVPSRFSGSGSGTDFTLTISSLQPEDFATYYCQQYNSYP					TACACCTTCGGCCAGGGCACCAAGCTGGAGATCAA	YTFGQGTKLEI	TACACTTTTGGCCAGGGGACCAAGCTGGAGATCAA	YTFGQGTKLEI					GACATCCAGATGACCCAGAGCCCCAGCAGCCTGAGCGCCAGCGTGGGCGACAGGGTGACCATCACCTGCAGGGCCAGC	DIQMTQSPSSLSASVGDRVTITCRAS	CAGGGCATCAGCAGCTGG	QGISSW	CTGGCCTGGTACCAGCAGAAGCCCGAGAAGGCCCCCAAGAGCCTGATCTAC	LAWYQQKPEKAPKSLIY	GCCGCCAGC	AAS	AGCCTGCAGAGCGGCGTGCCCAGCAGGTTCAGCGGCAGCGGCAGCGGCACCGACTTCACCCTGACCATCAGCAGCCTGCAGCCCGAGGACTTCGCCACCTACTACTGC	SLQSGVPSRFSGSGSGTDFTLTISSLQPEDFATYYC	TTCGGCCAGGGCACCAAGCTGGAGATCAA	FGQGTKLEI	CAGCAGTACAACATCTACCCCTACACC	QQYNIYPYT	TGCCAGCAGTACAACATCTACCCCTACACCTTC	33	CQQYNIYPYTF	11	216.856		50.677		284M37S3N		285S2N35M1S2N		2.517e-58		1.910e-10		74.296		91.429		1	284	1	284					286	320	3	37					1	78	79	96	97	147	148	156	157	264	292	320	265	291	C	1		
Bri_HC	CAGGTGCAGCTGGTGGAGAGCGGCGGCGGCGTGGTGCAGCCCGGCAGGAGCCTGAGGCTGAGCTGCGCCGCCAGCGGCTTCACCTTCAGCAGCTACGGCATGCACTGGGTGAGGCAGGCCCCCGGCAAGGGCCTGGAGTGGGTGGCCTTCATCAGGTACGACGGCAGCAACAAGTACTACGCCGACAGCGTGAAGGGCAGGTTCACCATCAGCAGGGACAACAGCAAGAACACCCTGTACCTGCAGATGAACAGCCTGAGGGCCGAGGACACCGCCGTGTACTACTGCAAGACCCACGGCAGCCACGACAACTGGGGCCAGGGCACCATGGTGACCGTGAGCAGC	QVQLVESGGGVVQPGRSLRLSCAASGFTFSSYGMHWVRQAPGKGLEWVAFIRYDGSNKYYADSVKGRFTISRDNSKNTLYLQMNSLRAEDTAVYYCKTHGSHDNWGQGTMVTVSS	IGH	F	T	F	T	F	F		IGHV3-33*03	IGHD1-1*01	IGHJ1*01		CAGGTGCAGCTGGTGGAGAGCGGCGGCGGCGTGGTGCAGCCCGGCAGGAGCCTGAGGCTGAGCTGCGCCGCCAGCGGCTTCACCTTCAGCAGCTACGGCATGCACTGGGTGAGGCAGGCCCCCGGCAAGGGCCTGGAGTGGGTGGCCTTCATCAGGTACGACGGCAGCAACAAGTACTACGCCGACAGCGTGAAGGGCAGGTTCACCATCAGCAGGGACAACAGCAAGAACACCCTGTACCTGCAGATGAACAGCCTGAGGGCCGAGGACACCGCCGTGTACTACTGCAAGACCCACGGCAGCCACGACAACTGGGGCCAGGGCACCATGGTGACCGT	CAGGTGCAGCTGGTGGAGTCTGGGGGAGGCGTGGTCCAGCCTGGGAGGTCCCTGAGACTCTCCTGTGCAGCGTCTGGATTCACCTTCAGTAGCTATGGCATGCACTGGGTCCGCCAGGCTCCAGGCAAGGGGCTGGAGTGGGTGGCAGTTATATGGTATGATGGAAGTAATAAATACTATGCAGACTCCGTGAAGGGCCGATTCACCATCTCCAGAGACAACTCCAAGAACACGCTGTATCTGCAAATGAACAGCCTGAGAGCCGAGGACACGGCTGTGTATTACTGNNNNNNNNNNNNNNNNNACGACNACTGGGGCCAGGGCACCCTGGTCACCGT	QVQLVESGGGVVQPGRSLRLSCAASGFTFSSYGMHWVRQAPGKGLEWVAFIRYDGSNKYYADSVKGRFTISRDNSKNTLYLQMNSLRAEDTAVYYCKTHGSHDNWGQGTMVTV	QVQLVESGGGVVQPGRSLRLSCAASGFTFSSYGMHWVRQAPGKGLEWVAVIWYDGSNKYYADSVKGRFTISRDNSKNTLYLQMNSLRAEDTAVYYXXXXXXXDXWGQGTLVTV	1	287	305	309	311	338			CAGGTGCAGCTGGTGGAGAGCGGCGGCGGCGTGGTGCAGCCCGGCAGGAGCCTGAGGCTGAGCTGCGCCGCCAGCGGCTTCACCTTCAGCAGCTACGGCATGCACTGGGTGAGGCAGGCCCCCGGCAAGGGCCTGGAGTGGGTGGCCTTCATCAGGTACGACGGCAGCAACAAGTACTACGCCGACAGCGTGAAGGGCAGGTTCACCATCAGCAGGGACAACAGCAAGAACACCCTGTACCTGCAGATGAACAGCCTGAGGGCCGAGGACACCGCCGTGTACTACTG	QVQLVESGGGVVQPGRSLRLSCAASGFTFSSYGMHWVRQAPGKGLEWVAFIRYDGSNKYYADSVKGRFTISRDNSKNTLYLQMNSLRAEDTAVYY	CAGGTGCAGCTGGTGGAGTCTGGGGGAGGCGTGGTCCAGCCTGGGAGGTCCCTGAGACTCTCCTGTGCAGCGTCTGGATTCACCTTCAGTAGCTATGGCATGCACTGGGTCCGCCAGGCTCCAGGCAAGGGGCTGGAGTGGGTGGCAGTTATATGGTATGATGGAAGTAATAAATACTATGCAGACTCCGTGAAGGGCCGATTCACCATCTCCAGAGACAACTCCAAGAACACGCTGTATCTGCAAATGAACAGCCTGAGAGCCGAGGACACGGCTGTGTATTACTG	QVQLVESGGGVVQPGRSLRLSCAASGFTFSSYGMHWVRQAPGKGLEWVAVIWYDGSNKYYADSVKGRFTISRDNSKNTLYLQMNSLRAEDTAVYY	ACGAC	D	ACGAC	D	ACTGGGGCCAGGGCACCATGGTGACCGT	WGQGTMVTV	ACTGGGGCCAGGGCACCCTGGTCACCGT	WGQGTLVTV					CAGGTGCAGCTGGTGGAGAGCGGCGGCGGCGTGGTGCAGCCCGGCAGGAGCCTGAGGCTGAGCTGCGCCGCCAGC	QVQLVESGGGVVQPGRSLRLSCAAS	GGCTTCACCTTCAGCAGCTACGGC	GFTFSSYG	ATGCACTGGGTGAGGCAGGCCCCCGGCAAGGGCCTGGAGTGGGTGGCCTTC	MHWVRQAPGKGLEWVAF	ATCAGGTACGACGGCAGCAACAAG	IRYDGSNK	TACTACGCCGACAGCGTGAAGGGCAGGTTCACCATCAGCAGGGACAACAGCAAGAACACCCTGTACCTGCAGATGAACAGCCTGAGGGCCGAGGACACCGCCGTGTACTACTGC	YYADSVKGRFTISRDNSKNTLYLQMNSLRAEDTAVYYC	TGGGGCCAGGGCACCATGGTGACCGT	WGQGTMVTV	AAGACCCACGGCAGCCACGACAAC	KTHGSHDN	TGCAAGACCCACGGCAGCCACGACAACTGG	30	CKTHGSHDNW	10	268.273	10.301	42.986		287M58S9N	304S12N5M36S	310S16N28M7S8N		9.054e-74	1.458e+02	4.252e-08		79.791	100.000	92.857		1	287	1	287	305	309	13	17	311	338	17	44					1	75	76	99	100	150	151	174	175	288	313	338	289	312	CAAGACCCACGGCAGCC	17	A	1
Bri_LC	CAGAGCGTGCTGACCCAGCCCCCCAGCGTGAGCGGCGCCCCCGGCCAGAGGGTGACCATCAGCTGCAGCGGCAGCAGGAGCAACATCGGCAGCAACACCGTGAAGTGGTACCAGCAGCTGCCCGGCACCGCCCCCAAGCTGCTGATCTACTACAACGACCAGAGGCCCAGCGGCGTGCCCGACAGGTTCAGCGGCAGCAAGAGCGGCACCAGCGCCAGCCTGGCCATCACCGGCCTGCAGGCCGAGGACGAGGCCGACTACTACTGCCAGAGCTACGACAGGTACACCCACCCCGCCCTGCTGTTCGGCACCGGCACCAAGGTGACCGTGCTG	VLTQPPSVSGAPGQRVTISCSGSRSNIGSNTVKWYQQLPGTAPKLLIYYNDQRPSGVPDRFSGSKSGTSASLAITGLQAEDEADYYCQSYDRYTHPALLFGTGTKVTVL	IGL	F	T	F	T	F	F		IGLV1-40*01		IGLJ6*01		GTGCTGACCCAGCCCCCCAGCGTGAGCGGCGCCCCCGGCCAGAGGGTGACCATCAGCTGCAGCGGCAGCAGGAGCAACATCGGCA---GCAACACCGTGAAGTGGTACCAGCAGCTGCCCGGCACCGCCCCCAAGCTGCTGATCTACTACAACGACCAGAGGCCCAGCGGCGTGCCCGACAGGTTCAGCGGCAGCAAGAGCGGCACCAGCGCCAGCCTGGCCATCACCGGCCTGCAGGCCGAGGACGAGGCCGACTACTACTGCCAGAGCTACGACAGGTACACCCACCCCGCCCTGCTGTTCGGCACCGGCACCAAGGTGACCGT	GTGCTGACGCAGCCGCCCTCAGTGTCTGGGGCCCCAGGGCAGAGGGTCACCATCTCCTGCACTGGGAGCAGCTCCAACATCGGGGCAGGTTATGATGTACACTGGTACCAGCAGCTTCCAGGAACAGCCCCCAAACTCCTCATCTATGGTAACAGCAATCGGCCCTCAGGGGTCCCTGACCGATTCTCTGGCTCCAAGTCTGGCACCTCAGCCTCCCTGGCCATCACTGGGCTCCAGGCTGAGGATGAGGCTGATTATTACTGCCAGTCCTATGACAGNNNNNNNNNNNNNNNNNNNNTGTTCGGCAGTGGCACCAAGGTGACCGT	VLTQPPSVSGAPGQRVTISCSGSRSNIGS-NTVKWYQQLPGTAPKLLIYYNDQRPSGVPDRFSGSKSGTSASLAITGLQAEDEADYYCQSYDRYTHPALLFGTGTKVTV	VLTQPPSVSGAPGQRVTISCTGSSSNIGAGYDVHWYQQLPGTAPKLLIYGNSNRPSGVPDRFSGSKSGTSASLAITGLQAEDEADYYCQSYDXXXXXXXXFGSGTKVTV	1	278			299	326			GTGCTGACCCAGCCCCCCAGCGTGAGCGGCGCCCCCGGCCAGAGGGTGACCATCAGCTGCAGCGGCAGCAGGAGCAACATCGGCA---GCAACACCGTGAAGTGGTACCAGCAGCTGCCCGGCACCGCCCCCAAGCTGCTGATCTACTACAACGACCAGAGGCCCAGCGGCGTGCCCGACAGGTTCAGCGGCAGCAAGAGCGGCACCAGCGCCAGCCTGGCCATCACCGGCCTGCAGGCCGAGGACGAGGCCGACTACTACTGCCAGAGCTACGACAG	VLTQPPSVSGAPGQRVTISCSGSRSNIGS-NTVKWYQQLPGTAPKLLIYYNDQRPSGVPDRFSGSKSGTSASLAITGLQAEDEADYYCQSYD	GTGCTGACGCAGCCGCCCTCAGTGTCTGGGGCCCCAGGGCAGAGGGTCACCATCTCCTGCACTGGGAGCAGCTCCAACATCGGGGCAGGTTATGATGTACACTGGTACCAGCAGCTTCCAGGAACAGCCCCCAAACTCCTCATCTATGGTAACAGCAATCGGCCCTCAGGGGTCCCTGACCGATTCTCTGGCTCCAAGTCTGGCACCTCAGCCTCCCTGGCCATCACTGGGCTCCAGGCTGAGGATGAGGCTGATTATTACTGCCAGTCCTATGACAG	VLTQPPSVSGAPGQRVTISCTGSSSNIGAGYDVHWYQQLPGTAPKLLIYGNSNRPSGVPDRFSGSKSGTSASLAITGLQAEDEADYYCQSYD					TGTTCGGCACCGGCACCAAGGTGACCGT	FGTGTKVTV	TGTTCGGCAGTGGCACCAAGGTGACCGT	FGSGTKVTV					GTGCTGACCCAGCCCCCCAGCGTGAGCGGCGCCCCCGGCCAGAGGGTGACCATCAGCTGCAGCGGCAGC	VLTQPPSVSGAPGQRVTISCSGS	AGGAGCAACATCGGCAGCAACACC	RSNIGSNT	GTGAAGTGGTACCAGCAGCTGCCCGGCACCGCCCCCAAGCTGCTGATCTAC	VKWYQQLPGTAPKLLIY	TACAACGAC	YND	CAGAGGCCCAGCGGCGTGCCCGACAGGTTCAGCGGCAGCAAGAGCGGCACCAGCGCCAGCCTGGCCATCACCGGCCTGCAGGCCGAGGACGAGGCCGACTACTACTGC	QRPSGVPDRFSGSKSGTSASLAITGLQAEDEADYYC	TTCGGCACCGGCACCAAGGTGACCGT	FGTGTKVTV	CAGAGCTACGACAGGTACACCCACCCCGCCCTGCTG	QSYDRYTHPALL	TGCCAGAGCTACGACAGGTACACCCACCCCGCCCTGCTGTTC	42	CQSYDRYTHPALLF	14	173.229		42.986		6S6N85M3D190M52S15N		301S5N28M4S5N		3.560e-45		4.100e-08		70.504		92.857		7	281	7	284					302	329	6	33					7	75	76	99	100	150	151	159	160	267	304	329	268	303	GTACACCCACCCCGCCCTGC	20		
h9C12-WT_HC	CAGGTGCAGCTGAAGCAGAGCGGCCCCGGCCTGCTGCAGCCCAGCCAGAGACTGAGCATCACCTGCACCGTGAGCGGCTTCAGCCTGGGCAGATACGGCGTGCACTGGATCAGACAGAGCCCCGGCAAGGGCCTGGAGTGGCTGGGCGTGATCTGGAGAGGCGGCACCACCGACTACAACGCCGTGTTCATGAGCAGACTGAGCATCAACAAGGACGACAGCAAGAGCCAGGTGTTCTTCACCATGAACAGCCTGAGACCCGACGACACCGCCATCTACTACTGCGCCAGACAGGGCAGCAACTTCCCCCTGGCCTACTGGGGCCAGGGCACCCTGGTGACCGTGAGCGCC	QVQLKQSGPGLLQPSQRLSITCTVSGFSLGRYGVHWIRQSPGKGLEWLGVIWRGGTTDYNAVFMSRLSINKDDSKSQVFFTMNSLRPDDTAIYYCARQGSNFPLAYWGQGTLVTVSA	IGH	F	T	F	T	F	F		IGHV3-33*01	IGHD6-13*01	IGHJ1*01		CAGGTGCAGCTGAAGCAGAGCGGCCCCGGCCTGCTGCAGCCCAGCCAGAGACTGAGCATCACCTGCACCGTGAGCGGCTTCAGCCTGGGCAGATACGGCGTGCACTGGATCAGACAGAGCCCCGGCAAGGGCCTGGAGTGGCTGGGCGTGATCTGGAGAGGCGGCACCACCGACTACAACGCCGTGTTCATGA---GCAGACTGAGCATCAACAAGGACGACAGCAAGAGCCAGGTGTTCTTCACCATGAACAGCCTGAGACCCGACGACACCGCCATCTACTACTGCGCCAGACAGGGCAGCAACTTCCCCCTGGCCTACTGGGGCCAGGGCACCCTGGTGACCGT	CAGGTGCAGCTGGTGGAGTCTGGGGGAGGCGTGGTCCAGCCTGGGAGGTCCCTGAGACTCTCCTGTGCAGCGTCTGGATTCACCTTCAGTAGCTATGGCATGCACTGGGTCCGCCAGGCTCCAGGCAAGGGGCTGGAGTGGGTGGCAGTTATATGGTATGATGGAAGTAATAAATACTATGCAGACTCCGTGAAGGGCCGATTCACCATCTCCAGAGACAATTCCAAGAACACGCTGTATCTGCAAATGAACAGCCTGAGAGCCGAGGACACGGCTGTGTATTACTGTGCGAGANNNNGCAGCANNNNNNNNNNNNNNNACTGGGGCCAGGGCACCCTGGTCACCGT	QVQLKQSGPGLLQPSQRLSITCTVSGFSLGRYGVHWIRQSPGKGLEWLGVIWRGGTTDYNAVFMS-RLSINKDDSKSQVFFTMNSLRPDDTAIYYCARQGSNFPLAYWGQGTLVTV	QVQLVESGGGVVQPGRSLRLSCAASGFTFSSYGMHWVRQAPGKGLEWVAVIWYDGSNKYYADSVKGRFTISRDNSKNTLYLQMNSLRAEDTAVYYCARXXSXXXXXXWGQGTLVTV	1	294	299	304	320	347			CAGGTGCAGCTGAAGCAGAGCGGCCCCGGCCTGCTGCAGCCCAGCCAGAGACTGAGCATCACCTGCACCGTGAGCGGCTTCAGCCTGGGCAGATACGGCGTGCACTGGATCAGACAGAGCCCCGGCAAGGGCCTGGAGTGGCTGGGCGTGATCTGGAGAGGCGGCACCACCGACTACAACGCCGTGTTCATGA---GCAGACTGAGCATCAACAAGGACGACAGCAAGAGCCAGGTGTTCTTCACCATGAACAGCCTGAGACCCGACGACACCGCCATCTACTACTGCGCCAGA	QVQLKQSGPGLLQPSQRLSITCTVSGFSLGRYGVHWIRQSPGKGLEWLGVIWRGGTTDYNAVFMS-RLSINKDDSKSQVFFTMNSLRPDDTAIYYCAR	CAGGTGCAGCTGGTGGAGTCTGGGGGAGGCGTGGTCCAGCCTGGGAGGTCCCTGAGACTCTCCTGTGCAGCGTCTGGATTCACCTTCAGTAGCTATGGCATGCACTGGGTCCGCCAGGCTCCAGGCAAGGGGCTGGAGTGGGTGGCAGTTATATGGTATGATGGAAGTAATAAATACTATGCAGACTCCGTGAAGGGCCGATTCACCATCTCCAGAGACAATTCCAAGAACACGCTGTATCTGCAAATGAACAGCCTGAGAGCCGAGGACACGGCTGTGTATTACTGTGCGAGA	QVQLVESGGGVVQPGRSLRLSCAASGFTFSSYGMHWVRQAPGKGLEWVAVIWYDGSNKYYADSVKGRFTISRDNSKNTLYLQMNSLRAEDTAVYYCAR	GCAGCA	S	GCAGCA	S	ACTGGGGCCAGGGCACCCTGGTGACCGT	WGQGTLVTV	ACTGGGGCCAGGGCACCCTGGTCACCGT	WGQGTLVTV					CAGGTGCAGCTGAAGCAGAGCGGCCCCGGCCTGCTGCAGCCCAGCCAGAGACTGAGCATCACCTGCACCGTGAGC	QVQLKQSGPGLLQPSQRLSITCTVS	GGCTTCAGCCTGGGCAGATACGGC	GFSLGRYG	GTGCACTGGATCAGACAGAGCCCCGGCAAGGGCCTGGAGTGGCTGGGCGTG	VHWIRQSPGKGLEWLGV	ATCTGGAGAGGCGGCACCACCGAC	IWRGGTTD	TACAACGCCGTGTTCATGAGCAGACTGAGCATCAACAAGGACGACAGCAAGAGCCAGGTGTTCTTCACCATGAACAGCCTGAGACCCGACGACACCGCCATCTACTACTGC	YNAVFMSRLSINKDDSKSQVFFTMNSLRPDDTAIYYC	TGGGGCCAGGGCACCCTGGTGACCGT	WGQGTLVTV	GCCAGACAGGGCAGCAACTTCCCCCTGGCCTAC	ARQGSNFPLAY	TGCGCCAGACAGGGCAGCAACTTCCCCCTGGCCTACTGG	39	CARQGSNFPLAYW	13	120.253	12.223	48.755		193M3D98M60S2N	295S7N6M50S8N	316S16N28M7S8N		3.339e-29	3.915e+01	7.942e-10		63.605	100.000	96.429		1	291	1	294	296	301	8	13	317	344	17	44					1	75	76	99	100	150	151	174	175	285	319	344	286	318	CAGG	4	ACTTCCCCCTGGCCT	15
h9C12-Q97A_HC	CAGGTGCAGCTGAAGCAGAGCGGCCCCGGCCTGCTGCAGCCCAGCCAGAGACTGAGCATCACCTGCACCGTGAGCGGCTTCAGCCTGGGCAGATACGGCGTGCACTGGATCAGACAGAGCCCCGGCAAGGGCCTGGAGTGGCTGGGCGTGATCTGGAGAGGCGGCACCACCGACTACAACGCCGTGTTCATGAGCAGACTGAGCATCAACAAGGACGACAGCAAGAGCCAGGTGTTCTTCACCATGAACAGCCTGAGACCCGACGACACCGCCATCTACTACTGCGCCAGAGCGGGCAGCAACTTCCCCCTGGCCTACTGGGGCCAGGGCACCCTGGTGACCGTGAGCGCC	QVQLKQSGPGLLQPSQRLSITCTVSGFSLGRYGVHWIRQSPGKGLEWLGVIWRGGTTDYNAVFMSRLSINKDDSKSQVFFTMNSLRPDDTAIYYCARAGSNFPLAYWGQGTLVTVSA	IGH	F	T	F	T	F	F		IGHV3-33*01	IGHD6-13*01	IGHJ1*01		CAGGTGCAGCTGAAGCAGAGCGGCCCCGGCCTGCTGCAGCCCAGCCAGAGACTGAGCATCACCTGCACCGTGAGCGGCTTCAGCCTGGGCAGATACGGCGTGCACTGGATCAGACAGAGCCCCGGCAAGGGCCTGGAGTGGCTGGGCGTGATCTGGAGAGGCGGCACCACCGACTACAACGCCGTGTTCATGA---GCAGACTGAGCATCAACAAGGACGACAGCAAGAGCCAGGTGTTCTTCACCATGAACAGCCTGAGACCCGACGACACCGCCATCTACTACTGCGCCAGAGCGGGCAGCAACTTCCCCCTGGCCTACTGGGGCCAGGGCACCCTGGTGACCGT	CAGGTGCAGCTGGTGGAGTCTGGGGGAGGCGTGGTCCAGCCTGGGAGGTCCCTGAGACTCTCCTGTGCAGCGTCTGGATTCACCTTCAGTAGCTATGGCATGCACTGGGTCCGCCAGGCTCCAGGCAAGGGGCTGGAGTGGGTGGCAGTTATATGGTATGATGGAAGTAATAAATACTATGCAGACTCCGTGAAGGGCCGATTCACCATCTCCAGAGACAATTCCAAGAACACGCTGTATCTGCAAATGAACAGCCTGAGAGCCGAGGACACGGCTGTGTATTACTGTGCGAGAGNNNGCAGCANNNNNNNNNNNNNNNACTGGGGCCAGGGCACCCTGGTCACCGT	QVQLKQSGPGLLQPSQRLSITCTVSGFSLGRYGVHWIRQSPGKGLEWLGVIWRGGTTDYNAVFMS-RLSINKDDSKSQVFFTMNSLRPDDTAIYYCARAGSNFPLAYWGQGTLVTV	QVQLVESGGGVVQPGRSLRLSCAASGFTFSSYGMHWVRQAPGKGLEWVAVIWYDGSNKYYADSVKGRFTISRDNSKNTLYLQMNSLRAEDTAVYYCARXXSXXXXXXWGQGTLVTV	1	295	299	304	320	347			CAGGTGCAGCTGAAGCAGAGCGGCCCCGGCCTGCTGCAGCCCAGCCAGAGACTGAGCATCACCTGCACCGTGAGCGGCTTCAGCCTGGGCAGATACGGCGTGCACTGGATCAGACAGAGCCCCGGCAAGGGCCTGGAGTGGCTGGGCGTGATCTGGAGAGGCGGCACCACCGACTACAACGCCGTGTTCATGA---GCAGACTGAGCATCAACAAGGACGACAGCAAGAGCCAGGTGTTCTTCACCATGAACAGCCTGAGACCCGACGACACCGCCATCTACTACTGCGCCAGAG	QVQLKQSGPGLLQPSQRLSITCTVSGFSLGRYGVHWIRQSPGKGLEWLGVIWRGGTTDYNAVFMS-RLSINKDDSKSQVFFTMNSLRPDDTAIYYCAR	CAGGTGCAGCTGGTGGAGTCTGGGGGAGGCGTGGTCCAGCCTGGGAGGTCCCTGAGACTCTCCTGTGCAGCGTCTGGATTCACCTTCAGTAGCTATGGCATGCACTGGGTCCGCCAGGCTCCAGGCAAGGGGCTGGAGTGGGTGGCAGTTATATGGTATGATGGAAGTAATAAATACTATGCAGACTCCGTGAAGGGCCGATTCACCATCTCCAGAGACAATTCCAAGAACACGCTGTATCTGCAAATGAACAGCCTGAGAGCCGAGGACACGGCTGTGTATTACTGTGCGAGAG	QVQLVESGGGVVQPGRSLRLSCAASGFTFSSYGMHWVRQAPGKGLEWVAVIWYDGSNKYYADSVKGRFTISRDNSKNTLYLQMNSLRAEDTAVYYCAR	GCAGCA	S	GCAGCA	S	ACTGGGGCCAGGGCACCCTGGTGACCGT	WGQGTLVTV	ACTGGGGCCAGGGCACCCTGGTCACCGT	WGQGTLVTV					CAGGTGCAGCTGAAGCAGAGCGGCCCCGGCCTGCTGCAGCCCAGCCAGAGACTGAGCATCACCTGCACCGTGAGC	QVQLKQSGPGLLQPSQRLSITCTVS	GGCTTCAGCCTGGGCAGATACGGC	GFSLGRYG	GTGCACTGGATCAGACAGAGCCCCGGCAAGGGCCTGGAGTGGCTGGGCGTG	VHWIRQSPGKGLEWLGV	ATCTGGAGAGGCGGCACCACCGAC	IWRGGTTD	TACAACGCCGTGTTCATGAGCAGACTGAGCATCAACAAGGACGACAGCAAGAGCCAGGTGTTCTTCACCATGAACAGCCTGAGACCCGACGACACCGCCATCTACTACTGC	YNAVFMSRLSINKDDSKSQVFFTMNSLRPDDTAIYYC	TGGGGCCAGGGCACCCTGGTGACCGT	WGQGTLVTV	GCCAGAGCGGGCAGCAACTTCCCCCTGGCCTAC	ARAGSNFPLAY	TGCGCCAGAGCGGGCAGCAACTTCCCCCTGGCCTACTGG	39	CARAGSNFPLAYW	13	121.811	12.223	48.755		193M3D99M59S1N	295S7N6M50S8N	316S16N28M7S8N		1.134e-29	3.915e+01	7.942e-10		63.729	100.000	96.429		1	292	1	295	296	301	8	13	317	344	17	44					1	75	76	99	100	150	151	174	175	285	319	344	286	318	CGG	3	ACTTCCCCCTGGCCT	15
h9C12_LC	AACATCGTGATGACCCAGACCCCCAAGTTCCTGCTGGTGAGCATCGGCGACAGCATCACCATCACCTGCAAGGCCAGCCAGAGCGTGACCAACGACGCCGCCTGGTACCAGAAGAAGCCCGGCCAGAGCCCCCAGCTGCTGATCTACCAGGCCAGCACCAGATACACCGGCGTGCCCGACAGATTCAGCGGCAGCGGCTACGGCACCGACTTCACCTTCACCATCAGCGCCGTGCAGGCCGAGGACCTGGCCGTGTACTTCTGCCACCAGGACTACAGCAGCCCCCTGACCTTCGGCGCCGGCACCAAGCTGGAGCTGAAG	IVMTQTPKFLLVSIGDSITITCKASQSVTNDAAWYQKKPGQSPQLLIYQASTRYTGVPDRFSGSGYGTDFTFTISAVQAEDLAVYFCHQDYSSPLTFGAGTKLELK	IGK	F	T	F	T	F	F		IGKV4-1*02		IGKJ4*01		ACATCGTGATGACCCAGACCCCCAAGTTCCTGCTGGTGAGCATCGGCGACAGCATCACCATCACCTGCAAGGCCAGCCAGAGCGTG------------------ACCAACGACGCCGCCTGGTACCAGAAGAAGCCCGGCCAGAGCCCCCAGCTGCTGATCTACCAGGCCAGCACCAGATACACCGGCGTGCCCGACAGATTCAGCGGCAGCGGCTACGGCACCGACTTCACCTTCACCATCAGCGCCGTGCAGGCCGAGGACCTGGCCGTGTACTTCTGCCACCAGGACTACAGCAGCCCCCTGACCTTCGGCGCCGGCACCAAGCTGGAG	ACATCGTGATGACCCAGTCTCCAGACTCCCTGGCTGTGTCTCTGGGCGAGAGGGCCACCATCAACTGCAAGTCCAGCCAGAGTGTTTTATACAGCTCCAACAATAAGAACTACTTAGCTTGGTACCAGCAGAAACCAGGACAGCCTCCTAAGCTGCTCATTTACTGGGCATCTACCCGGGAATCCGGGGTCCCTGACCGATTCAGTGGCAGCGGGTCTGGGACAGATTTCACTCTCACCATCAGCAGCCTGCAGGCTGAAGATGTGGCAGTTTATTACTGTCAGCAGTATTATAGNNNNNNNNNNNNNTTCGGCGGAGGGACCAAGGTGGAG	IVMTQTPKFLLVSIGDSITITCKASQSV------TNDAAWYQKKPGQSPQLLIYQASTRYTGVPDRFSGSGYGTDFTFTISAVQAEDLAVYFCHQDYSSPLTFGAGTKLE	IVMTQSPDSLAVSLGERATINCKSSQSVLYSSNNKNYLAWYQQKPGQPPKLLIYWASTRESGVPDRFSGSGSGTDFTLTISSLQAEDVAVYYCQQYYXXXXXFGGGTKVE	1	295			309	332			ACATCGTGATGACCCAGACCCCCAAGTTCCTGCTGGTGAGCATCGGCGACAGCATCACCATCACCTGCAAGGCCAGCCAGAGCGTG------------------ACCAACGACGCCGCCTGGTACCAGAAGAAGCCCGGCCAGAGCCCCCAGCTGCTGATCTACCAGGCCAGCACCAGATACACCGGCGTGCCCGACAGATTCAGCGGCAGCGGCTACGGCACCGACTTCACCTTCACCATCAGCGCCGTGCAGGCCGAGGACCTGGCCGTGTACTTCTGCCACCAGGACTACAG	IVMTQTPKFLLVSIGDSITITCKASQSV------TNDAAWYQKKPGQSPQLLIYQASTRYTGVPDRFSGSGYGTDFTFTISAVQAEDLAVYFCHQDY	ACATCGTGATGACCCAGTCTCCAGACTCCCTGGCTGTGTCTCTGGGCGAGAGGGCCACCATCAACTGCAAGTCCAGCCAGAGTGTTTTATACAGCTCCAACAATAAGAACTACTTAGCTTGGTACCAGCAGAAACCAGGACAGCCTCCTAAGCTGCTCATTTACTGGGCATCTACCCGGGAATCCGGGGTCCCTGACCGATTCAGTGGCAGCGGGTCTGGGACAGATTTCACTCTCACCATCAGCAGCCTGCAGGCTGAAGATGTGGCAGTTTATTACTGTCAGCAGTATTATAG	IVMTQSPDSLAVSLGERATINCKSSQSVLYSSNNKNYLAWYQQKPGQPPKLLIYWASTRESGVPDRFSGSGSGTDFTLTISSLQAEDVAVYYCQQYY					TTCGGCGCCGGCACCAAGCTGGAG	FGAGTKLE	TTCGGCGGAGGGACCAAGGTGGAG	FGGGTKVE					ACATCGTGATGACCCAGACCCCCAAGTTCCTGCTGGTGAGCATCGGCGACAGCATCACCATCACCTGCAAGGCCAGC	IVMTQTPKFLLVSIGDSITITCKAS	CAGAGCGTGACCAACGAC	QSVTND	GCCGCCTGGTACCAGAAGAAGCCCGGCCAGAGCCCCCAGCTGCTGATCTAC	AAWYQKKPGQSPQLLIY	CAGGCCAGC	QAS	ACCAGATACACCGGCGTGCCCGACAGATTCAGCGGCAGCGGCTACGGCACCGACTTCACCTTCACCATCAGCGCCGTGCAGGCCGAGGACCTGGCCGTGTACTTCTGC	TRYTGVPDRFSGSGYGTDFTFTISAVQAEDLAVYFC	TTCGGCGCCGGCACCAAGCTGGAG	FGAGTKLE	CACCAGGACTACAGCAGCCCCCTGACC	HQDYSSPLT	TGCCACCAGGACTACAGCAGCCCCCTGACCTTC	33	CHQDYSSPLTF	11	149.857		23.760		1S1N86M18N191M43S9N		291S7N24M6S7N		3.712e-38		2.422e-02		66.780		83.333		2	278	2	296					292	315	8	31					2	78	79	96	97	147	148	156	157	264	292	315	265	291	CAGCCCCCTGACC	13		
